google_place_id,name,category,primary_type,primary_type_name,activities,lat,lon,address,rating,rating_count,price_level,business_status,website,google_maps_url,all_types,found_via_category,found_via_cell
ChIJTdCbXsjRCTER7SBZrVL3aFI,Bãi tắm Mũi Nai,attraction,,,,10.380867,104.4453374,"Đường, Hà Tiên, An Giang, Vietnam",4,3521,,OPERATIONAL,,https://maps.google.com/?cid=5938268043155677421&g_mp=Cilnb29nbGUubWFwcy5wbGFjZXMudjEuUGxhY2VzLlNlYXJjaE5lYXJieRACGAQgAA,tourist_attraction;point_of_interest;establishment,tourist_attraction,Kep town
ChIJ__A43YwxCDERRkttp-riDBY,Coconut Beach,attraction,scenic_spot,Scenic Spot,,10.541004299999999,104.18252749999999,"G5RM+C22, Unnamed Road, Kampot, Cambodia",3.6,333,,OPERATIONAL,,https://maps.google.com/?cid=1588894266014124870&g_mp=Cilnb29nbGUubWFwcy5wbGFjZXMudjEuUGxhY2VzLlNlYXJjaE5lYXJieRACGAQgAA,scenic_spot;tourist_attraction;point_of_interest;establishment,tourist_attraction,Kep town
ChIJPYomvls1CDERZer01iHe20U,Phnom Chhngok Cave,attraction,,,,10.6426648,104.2701378,"J7VC+336, Tuek Chhou, Cambodia",4.1,602,,OPERATIONAL,,https://maps.google.com/?cid=5033861245438323301&g_mp=Cilnb29nbGUubWFwcy5wbGFjZXMudjEuUGxhY2VzLlNlYXJjaE5lYXJieRACGAQgAA,tourist_attraction;place_of_worship;association_or_organization;point_of_interest;establishment,tourist_attraction,Kep town
ChIJ3_-kMnjaCTERXT_ugpmTVHQ,Bãi xe khu du lịch Thạch Động,attraction,tourist_attraction,Tourist Attraction,,10.409394599999999,104.4749243,"QL80, Hà Tiên, An Giang, Vietnam",4.1,3498,,OPERATIONAL,,https://maps.google.com/?cid=8382487093979266909&g_mp=Cilnb29nbGUubWFwcy5wbGFjZXMudjEuUGxhY2VzLlNlYXJjaE5lYXJieRACGAQgAA,tourist_attraction;point_of_interest;establishment,tourist_attraction,Kep town
ChIJZ2ZmCnvRCTERPLik01bAwqo,Khu Du lịch Mũi Nai,attraction,tourist_attraction,Tourist Attraction,,10.3871082,104.44618729999999,"9CPW+RFV, Ha Tien, An Giang, Vietnam",4.1,1222,,OPERATIONAL,,https://maps.google.com/?cid=12304608611080124476&g_mp=Cilnb29nbGUubWFwcy5wbGFjZXMudjEuUGxhY2VzLlNlYXJjaE5lYXJieRACGAQgAA,tourist_attraction;point_of_interest;establishment,tourist_attraction,Kep town
ChIJcTrKs-fXCTER7ajir144zi4,Light Mountain Embankment,attraction,tourist_attraction,Tourist Attraction,,10.364869299999999,104.4429526,"9C7V+W5W, Núi Đèn, Hà Tiên, An Giang, Vietnam",4.7,170,,OPERATIONAL,,https://maps.google.com/?cid=3372695150276028653&g_mp=Cilnb29nbGUubWFwcy5wbGFjZXMudjEuUGxhY2VzLlNlYXJjaE5lYXJieRACGAQgAA,tourist_attraction;point_of_interest;establishment,tourist_attraction,Kep town
ChIJnVcMEE_NCTERJE48MVseQpc,Kep National Park,nature,national_park,National Park,walking,10.491930799999999,104.2998343,"Krong Kaeb, Cambodia",4.2,407,,OPERATIONAL,,https://maps.google.com/?cid=10899307425206914596&g_mp=Cilnb29nbGUubWFwcy5wbGFjZXMudjEuUGxhY2VzLlNlYXJjaE5lYXJieRACGAQgAA,national_park;tourist_attraction;park;point_of_interest;establishment,tourist_attraction,Kep town
ChIJwfeZynTbCTERTLYWfAqONHc,ភ្នំទឹកធំ,attraction,tourist_attraction,Tourist Attraction,,10.4397333,104.48035159999999,"CFQJ+V4X, Hà Tiên, Cambodia",4.4,139,,OPERATIONAL,,https://maps.google.com/?cid=8589646564985058892&g_mp=Cilnb29nbGUubWFwcy5wbGFjZXMudjEuUGxhY2VzLlNlYXJjaE5lYXJieRACGAQgAA,tourist_attraction;point_of_interest;establishment,tourist_attraction,Kep town
ChIJcSTTo4faCTERPOVeFscE6HQ,Núi Đá Dựng,attraction,tourist_attraction,Tourist Attraction,,10.4276074,104.4763387,"CFHG+2GW, Ha Tien, An Giang, Vietnam",4.3,1030,,OPERATIONAL,,https://maps.google.com/?cid=8423988356116833596&g_mp=Cilnb29nbGUubWFwcy5wbGFjZXMudjEuUGxhY2VzLlNlYXJjaE5lYXJieRACGAQgAA,tourist_attraction;point_of_interest;establishment,tourist_attraction,Kep town
ChIJ_cEflznXCTERjBWgt9tlbj4,Núi Nai Lighthouse,attraction,tourist_attraction,Tourist Attraction,,10.365860699999999,104.4445186,"9C8V+8RR, Ha Tien, An Giang, Vietnam",4.4,325,,OPERATIONAL,,https://maps.google.com/?cid=4498645072142669196&g_mp=Cilnb29nbGUubWFwcy5wbGFjZXMudjEuUGxhY2VzLlNlYXJjaE5lYXJieRACGAQgAA,tourist_attraction;point_of_interest;establishment,tourist_attraction,Kep town
ChIJ2YBiBADRCTERw3326rH2AWc,ឆ្នេរអង្កោ ខេត្តកែប,attraction,tourist_attraction,Tourist Attraction,,10.459686,104.38263699999999,"F95M+V3, Krong Kaeb, Cambodia",4.5,37,,OPERATIONAL,,https://maps.google.com/?cid=7422484904894954947&g_mp=Cilnb29nbGUubWFwcy5wbGFjZXMudjEuUGxhY2VzLlNlYXJjaE5lYXJieRACGAQgAA,tourist_attraction;point_of_interest;establishment,tourist_attraction,Kep town
ChIJpdtrt1nNCTERppc50pO-O-o,Krong Kep Blue Crab Statue,attraction,tourist_attraction,Tourist Attraction,,10.4762756,104.2994548,"Chhak Kep Bay, F7GX+GQ8, Krong Kaeb, Cambodia",4.2,797,,OPERATIONAL,,https://maps.google.com/?cid=16878293570597525414&g_mp=Cilnb29nbGUubWFwcy5wbGFjZXMudjEuUGxhY2VzLlNlYXJjaE5lYXJieRACGAQgAA,tourist_attraction;point_of_interest;establishment,tourist_attraction,Kep town
ChIJR1cctw_VCTER8oFJtTwkBrk,Đảo Hải Tặc - Pirate Island In VietNam,attraction,tourist_attraction,Tourist Attraction,,10.3147529,104.33183779999999,"Tien Hai, An Giang, Vietnam",4.6,37,,OPERATIONAL,,https://maps.google.com/?cid=13332383590035063282&g_mp=Cilnb29nbGUubWFwcy5wbGFjZXMudjEuUGxhY2VzLlNlYXJjaE5lYXJieRACGAQgAA,tourist_attraction;point_of_interest;establishment,tourist_attraction,Kep town
ChIJDwiW_wfRCTER-VPMtH6ntAw,Bãi trước Mũi Nai,attraction,tourist_attraction,Tourist Attraction,,10.379732299999999,104.4452697,"Unnamed Road, 9CHW+V4R, Hà Tiên, An Giang, Vietnam",3.8,139,,OPERATIONAL,,https://maps.google.com/?cid=915540786904060921&g_mp=Cilnb29nbGUubWFwcy5wbGFjZXMudjEuUGxhY2VzLlNlYXJjaE5lYXJieRACGAQgAA,tourist_attraction;point_of_interest;establishment,tourist_attraction,Kep town
ChIJ-wYN_B_GCTERizx5exJOkMM,Kampong Trach Mountain Park,nature,national_park,National Park,walking,10.5542771,104.46141659999999,"HF36+PH7, Kampong Trach, Cambodia",4.3,470,,OPERATIONAL,,https://maps.google.com/?cid=14091849075330202763&g_mp=Cilnb29nbGUubWFwcy5wbGFjZXMudjEuUGxhY2VzLlNlYXJjaE5lYXJieRACGAQgAA,national_park;tourist_attraction;park;point_of_interest;establishment,tourist_attraction,Kep town
ChIJr6xUEAs1CDER7YtY_Xn9NfU,Kampot River beach,attraction,scenic_spot,Scenic Spot,,10.5825756,104.2016604,"H6M2+2M, Kampot, Cambodia",4.4,141,,OPERATIONAL,,https://maps.google.com/?cid=17669307413441317869&g_mp=Cilnb29nbGUubWFwcy5wbGFjZXMudjEuUGxhY2VzLlNlYXJjaE5lYXJieRACGAQgAA,scenic_spot;tourist_attraction;point_of_interest;establishment,tourist_attraction,Kep town
ChIJwSUjv4rLCTERVjTmtC7_k9A,Sothy's Pepper Farm,attraction,farm,Farm,,10.559308999999999,104.35474699999999,"1333, Cambodia",4.7,571,,OPERATIONAL,http://mykampotpepper.asia/,https://maps.google.com/?cid=15029636957534041174&g_mp=Cilnb29nbGUubWFwcy5wbGFjZXMudjEuUGxhY2VzLlNlYXJjaE5lYXJieRACGAQgAA,tourist_attraction;cambodian_restaurant;farm;food_store;restaurant;food;service;store;point_of_interest;establishment,tourist_attraction,Kep town
ChIJrUQcPwDRCTERC-yHZMp5IOI,ឆ្នេរអង្កោល(កែប),attraction,tourist_attraction,Tourist Attraction,,10.4610823,104.3820396,"F96J+CRM, Krong Kaeb, Cambodia",4.4,58,,OPERATIONAL,,https://maps.google.com/?cid=16294157362003438603&g_mp=Cilnb29nbGUubWFwcy5wbGFjZXMudjEuUGxhY2VzLlNlYXJjaE5lYXJieRACGAQgAA,tourist_attraction;point_of_interest;establishment,tourist_attraction,Kep town
ChIJYeKqO1fNCTERrg7rL5RoIT4,White Lady Statue,cultural,historical_landmark,Historical Landmark,,10.477671599999999,104.295699,"F7HW+378, Krong Kaeb, Cambodia",4.1,643,,OPERATIONAL,,https://maps.google.com/?cid=4476974490251366062&g_mp=Cilnb29nbGUubWFwcy5wbGFjZXMudjEuUGxhY2VzLlNlYXJjaE5lYXJieRACGAQgAA,historical_landmark;tourist_attraction;historical_place;point_of_interest;establishment,tourist_attraction,Kep town
ChIJ6XA3xmPRCTER7sbhnYsK0hE,Núi Tà Pang,attraction,tourist_attraction,Tourist Attraction,,10.388562499999999,104.44881249999999,"Ha Tien, An Giang, Vietnam",4.5,98,,OPERATIONAL,,https://maps.google.com/?cid=1284100438519564014&g_mp=Cilnb29nbGUubWFwcy5wbGFjZXMudjEuUGxhY2VzLlNlYXJjaE5lYXJieRACGAQgAA,tourist_attraction;point_of_interest;establishment,tourist_attraction,Kep town
ChIJE5xueo82CDERGp8vsU4zZ0o,Kampot Provincial Museum,cultural,museum,Museum,sightseeing,10.602144800000001,104.18088379999999,"J52J+V92, Kampot, Cambodia",3.6,73,,CLOSED_TEMPORARILY,http://www.kampotmuseum.org/,https://maps.google.com/?cid=5361310294481018650&g_mp=Cilnb29nbGUubWFwcy5wbGFjZXMudjEuUGxhY2VzLlNlYXJjaE5lYXJieRACGAQgAA,tourist_attraction;museum;point_of_interest;establishment,museum,Kep town
ChIJ6VK8CQDNCTERJqpHw3s1wJE,សារមន្ទីរ​ខេត្តកែប​,cultural,museum,Museum,sightseeing,10.4861279,104.3170701,"F8P9+P3Q, 33 A, Krong Kaeb, Cambodia",,,,OPERATIONAL,,https://maps.google.com/?cid=10502453136701499942&g_mp=Cilnb29nbGUubWFwcy5wbGFjZXMudjEuUGxhY2VzLlNlYXJjaE5lYXJieRACGAQgAA,museum;point_of_interest;establishment,museum,Kep town
ChIJ9R_-d0PNCTERrI6FEmLO0XY,My Country isCambodia,cultural,museum,Museum,sightseeing,10.543246,104.319142,"26.6""N 104°19, 10°21, 13 0""E, Krong Kaeb 220201, Cambodia",,,,OPERATIONAL,,https://maps.google.com/?cid=8561851287220883116&g_mp=Cilnb29nbGUubWFwcy5wbGFjZXMudjEuUGxhY2VzLlNlYXJjaE5lYXJieRACGAQgAA,museum;point_of_interest;establishment,museum,Kep town
ChIJeeRzJnnRCTERCxkmXLRsncU,Border Post Cambodia–Viet Nam 313,cultural,historical_landmark,Historical Landmark,,10.4264067,104.45363479999999,"CFG3+HF6, Hà Tiên, Cambodia",4.2,149,,OPERATIONAL,,https://maps.google.com/?cid=14239657118711290123&g_mp=Cilnb29nbGUubWFwcy5wbGFjZXMudjEuUGxhY2VzLlNlYXJjaE5lYXJieRACGAQgAA,historical_landmark;historical_place;point_of_interest;establishment,historical_landmark,Kep town
ChIJIdccbqs0CDER3Sl86KtS8b0,Phnom Sorsia Caves,cultural,historical_landmark,Historical Landmark,,10.5658268,104.28394320000001,"H78M+8HP, Krong Kaeb, Cambodia",3.8,97,,OPERATIONAL,,https://maps.google.com/?cid=13686811640848984541&g_mp=Cilnb29nbGUubWFwcy5wbGFjZXMudjEuUGxhY2VzLlNlYXJjaE5lYXJieRACGAQgAA,historical_landmark;historical_place;point_of_interest;establishment,historical_landmark,Kep town
ChIJeR0L6CHRCTER_S-8Y8uw3m8,Cột mốc 314,cultural,historical_landmark,Historical Landmark,,10.423551200000002,104.4407043,"Ha Tien, Kien Giang, Vietnam",4.3,82,,OPERATIONAL,,https://maps.google.com/?cid=8061074770637893629&g_mp=Cilnb29nbGUubWFwcy5wbGFjZXMudjEuUGxhY2VzLlNlYXJjaE5lYXJieRACGAQgAA,historical_landmark;historical_place;point_of_interest;establishment,historical_landmark,Kep town
ChIJexxvbajNCTERTZWm_u0UuMY,Visnu Circle Kep City,cultural,historical_landmark,Historical Landmark,,10.4898308,104.2913622,"F7QR+WGQ, Krong Kaeb, Cambodia",4.1,10,,OPERATIONAL,,https://maps.google.com/?cid=14319218027636626765&g_mp=Cilnb29nbGUubWFwcy5wbGFjZXMudjEuUGxhY2VzLlNlYXJjaE5lYXJieRACGAQgAA,historical_landmark;historical_place;point_of_interest;establishment,historical_landmark,Kep town
ChIJfy9kIwDNCTERgK24yHy3Yx4,សេះស White Horse,cultural,historical_landmark,Historical Landmark,,10.5500832,104.2908325,"H72R+28P White Horse, Cambodia",4.5,8,,OPERATIONAL,,https://maps.google.com/?cid=2189795590403566976&g_mp=Cilnb29nbGUubWFwcy5wbGFjZXMudjEuUGxhY2VzLlNlYXJjaE5lYXJieRACGAQgAA,historical_landmark;historical_place;point_of_interest;establishment,historical_landmark,Kep town
ChIJUVUtQADTCTERDy4WbGuHt-o,Old bunker,cultural,historical_landmark,Historical Landmark,,10.432743,104.329618,"C8MH+3R, Krong Kaeb, Cambodia",4.3,6,,OPERATIONAL,,https://maps.google.com/?cid=16913135821057830415&g_mp=Cilnb29nbGUubWFwcy5wbGFjZXMudjEuUGxhY2VzLlNlYXJjaE5lYXJieRACGAQgAA,historical_landmark;historical_place;point_of_interest;establishment,historical_landmark,Kep town
ChIJ-Qs7hkzNCTERa4kzNyRN_d4,Sdech Korn Statue,cultural,historical_landmark,Historical Landmark,,10.489208399999999,104.2887765,"F7QQ+MGJ Sdech Korn Statue, Krong Kaeb, Cambodia",4.1,59,,OPERATIONAL,,https://maps.google.com/?cid=16068083863468083563&g_mp=Cilnb29nbGUubWFwcy5wbGFjZXMudjEuUGxhY2VzLlNlYXJjaE5lYXJieRACGAQgAA,historical_landmark;historical_place;point_of_interest;establishment,historical_landmark,Kep town
ChIJSSc5tqjNCTERsOOlxcDpiN8,ទំនប់អាងទឹករនេស,cultural,historical_landmark,Historical Landmark,,10.5474176,104.3771194,"G9WG+XR, Damnak Chang'aeur District, Cambodia",5,2,,OPERATIONAL,,https://maps.google.com/?cid=16107381081449554864&g_mp=Cilnb29nbGUubWFwcy5wbGFjZXMudjEuUGxhY2VzLlNlYXJjaE5lYXJieRACGAQgAA,historical_landmark;historical_place;point_of_interest;establishment,historical_landmark,Kep town
ChIJnXzFTZYxCDERTImx-FQmliA,Prek Thmar,cultural,historical_landmark,Historical Landmark,,10.549986299999999,104.18528820000002,"G5XP+X4, Kampot, Cambodia",4.8,5,,OPERATIONAL,,https://maps.google.com/?cid=2348106402111785292&g_mp=Cilnb29nbGUubWFwcy5wbGFjZXMudjEuUGxhY2VzLlNlYXJjaE5lYXJieRACGAQgAA,historical_landmark;historical_place;point_of_interest;establishment,historical_landmark,Kep town
ChIJ2TqWLtHRCTER-tlQrnqNptA,Nghĩa trang nhân dân rạch giá,cultural,historical_landmark,Historical Landmark,,10.3930403,104.46365320000001,"9FV7+6F6, Unnamed, Road, Hà Tiên, An Giang, Vietnam",4,7,,OPERATIONAL,,https://maps.google.com/?cid=15034859964073040378&g_mp=Cilnb29nbGUubWFwcy5wbGFjZXMudjEuUGxhY2VzLlNlYXJjaE5lYXJieRACGAQgAA,historical_landmark;historical_place;point_of_interest;establishment,historical_landmark,Kep town
ChIJgYGoHAA3CDERgXcAXIXJ4Vc,Clock Tower of Peace,cultural,historical_landmark,Historical Landmark,,10.6000879,104.17913820000001,"J52H+2MJ, Kampot, Cambodia",4.8,9,,OPERATIONAL,,https://maps.google.com/?cid=6332564125670995841&g_mp=Cilnb29nbGUubWFwcy5wbGFjZXMudjEuUGxhY2VzLlNlYXJjaE5lYXJieRACGAQgAA,historical_landmark;historical_place;point_of_interest;establishment,historical_landmark,Kep town
ChIJ-QoBkfnNCTERB-9xo84_q28,Cambodia Vietnam Monument (Kaeb),cultural,historical_landmark,Historical Landmark,,10.4852629,104.31617349999999,"F8P8+4F3, Krong Kaeb, Cambodia",4.8,4,,OPERATIONAL,,https://maps.google.com/?cid=8046595315965488903&g_mp=Cilnb29nbGUubWFwcy5wbGFjZXMudjEuUGxhY2VzLlNlYXJjaE5lYXJieRACGAQgAA,historical_landmark;historical_place;point_of_interest;establishment,historical_landmark,Kep town
ChIJYXUnCgDJCTERxr5KaOZsbPM,ផ្លូវចូលរម្មណីយដ្ឋាន ភ្នំកំពង់ត្រាច,cultural,historical_landmark,Historical Landmark,,10.5581038,104.4692999,"HF59+6PV, Kampong Trach, Cambodia",,,,OPERATIONAL,,https://maps.google.com/?cid=17540514385549246150&g_mp=Cilnb29nbGUubWFwcy5wbGFjZXMudjEuUGxhY2VzLlNlYXJjaE5lYXJieRACGAQgAA,historical_landmark;historical_place;point_of_interest;establishment,historical_landmark,Kep town
ChIJT1SRewE1CDER8XNbxpGPhtQ,Kbal Romeas Pre-historic Station (ស្ថានីយ៍បុរេប្រវត្តិសាស្ត្រ),cultural,historical_landmark,Historical Landmark,,10.618610799999999,104.24451219999999,"Trapeang Pring Village, Trapeang Pring Commune, Teuk Chhou District, Kompot Province, Cambodia, J69V+CRR, Tuek Chhou, Cambodia",,,,OPERATIONAL,,https://maps.google.com/?cid=15314085439180862449&g_mp=Cilnb29nbGUubWFwcy5wbGFjZXMudjEuUGxhY2VzLlNlYXJjaE5lYXJieRACGAQgAA,historical_landmark;historical_place;point_of_interest;establishment,historical_landmark,Kep town
ChIJteeISQDNCTERktHiS5Io3xk,William Won's Resting Place,cultural,historical_landmark,Historical Landmark,,10.4910529,104.30486309999999,"F8R4+V4, Krong Kaeb, Cambodia",5,1,,OPERATIONAL,,https://maps.google.com/?cid=1864253379558166930&g_mp=Cilnb29nbGUubWFwcy5wbGFjZXMudjEuUGxhY2VzLlNlYXJjaE5lYXJieRACGAQgAA,historical_landmark;historical_place;point_of_interest;establishment,historical_landmark,Kep town
ChIJfTwXPADNCTERbl-neOMP598,Canal Techno,cultural,historical_landmark,Historical Landmark,,10.472655999999999,104.374478,"F9FF+3Q, Krong Kaeb, Cambodia",4,1,,OPERATIONAL,,https://maps.google.com/?cid=16133881659734318958&g_mp=Cilnb29nbGUubWFwcy5wbGFjZXMudjEuUGxhY2VzLlNlYXJjaE5lYXJieRACGAQgAA,historical_landmark;historical_place;point_of_interest;establishment,historical_landmark,Kep town
ChIJ702uTsE3CDER011QdjQooOI,ប្រាសាទល័ក្ខនាង,cultural,historical_landmark,Historical Landmark,,10.5892693,104.1752941,"H5QG+P43 ភូមិស្រែចង្ហូត, Kampot, Cambodia",3,1,,OPERATIONAL,,https://maps.google.com/?cid=16330096454633807315&g_mp=Cilnb29nbGUubWFwcy5wbGFjZXMudjEuUGxhY2VzLlNlYXJjaE5lYXJieRACGAQgAA,historical_landmark;historical_place;point_of_interest;establishment,historical_landmark,Kep town
ChIJv4y5QQDNCTERdL3ESJJiLW8,កំសាន្ត,cultural,historical_landmark,Historical Landmark,,10.5376896,104.3087858,"G8Q5+3GF, Krong Kaeb, Cambodia",,,,OPERATIONAL,,https://maps.google.com/?cid=8011167692587580788&g_mp=Cilnb29nbGUubWFwcy5wbGFjZXMudjEuUGxhY2VzLlNlYXJjaE5lYXJieRACGAQgAA,historical_landmark;historical_place;point_of_interest;establishment,historical_landmark,Kep town
ChIJG2GLT0TNCTERk8ucK8ZDIC4,Mister Red sculpture,cultural,historical_landmark,Historical Landmark,,10.5506811,104.3229935,"G8XF+Q2W, Krong Kaeb, Cambodia",,,,OPERATIONAL,,https://maps.google.com/?cid=3323731043413707667&g_mp=Cilnb29nbGUubWFwcy5wbGFjZXMudjEuUGxhY2VzLlNlYXJjaE5lYXJieRACGAQgAA,historical_landmark;historical_place;point_of_interest;establishment,historical_landmark,Kep town
ChIJuUuOLlg0CDER6Z1LJFTLIGE,Trapeang Sangkae Fishery Community,nature,park,Park,walking,10.5959101,104.23710849999999,"H6WP+9R9, Tuek Chhou, Cambodia",4.4,224,,OPERATIONAL,,https://maps.google.com/?cid=6998817383180377577&g_mp=Cilnb29nbGUubWFwcy5wbGFjZXMudjEuUGxhY2VzLlNlYXJjaE5lYXJieRACGAQgAA,park;point_of_interest;establishment,park,Kep town
ChIJMZ9_SwDJCTERBN207Z8USlI,ភ្នំកំពង់ត្រាច,nature,park,Park,walking,10.573030800000002,104.46849859999999,"HFF9+699, Cambodia",5,13,,OPERATIONAL,,https://maps.google.com/?cid=5929574536507088132&g_mp=Cilnb29nbGUubWFwcy5wbGFjZXMudjEuUGxhY2VzLlNlYXJjaE5lYXJieRACGAQgAA,park;point_of_interest;establishment,park,Kep town
ChIJiXcwFgA1CDERdv4MD04saus,ឆ្នេរកោះស្មៅ,nature,park,Park,walking,10.582981,104.201084,"H6M2+2M, Kampot, Cambodia",5,3,,OPERATIONAL,,https://maps.google.com/?cid=16963419660215975542&g_mp=Cilnb29nbGUubWFwcy5wbGFjZXMudjEuUGxhY2VzLlNlYXJjaE5lYXJieRACGAQgAA,park;point_of_interest;establishment,park,Kep town
ChIJKVjOOR_NCTERILw3gQh_QCE,Kep National Park Ticket Office,nature,national_park,National Park,walking,10.4870435,104.2954732,"F7PW+R59, Krong Kaeb, Cambodia",3.9,27,,OPERATIONAL,,https://maps.google.com/?cid=2396054676265483296&g_mp=Cilnb29nbGUubWFwcy5wbGFjZXMudjEuUGxhY2VzLlNlYXJjaE5lYXJieRACGAQgAA,national_park;park;point_of_interest;establishment,park,Kep town
ChIJDVPFnbczCDERfcGo3S13H2E,Mangrove Protected Forest,nature,park,Park,walking,10.5294935,104.28316869999999,"G7HM+Q7V Thmey Village, Krong Kaeb, Cambodia",3.6,25,,OPERATIONAL,,https://maps.google.com/?cid=6998443384833098109&g_mp=Cilnb29nbGUubWFwcy5wbGFjZXMudjEuUGxhY2VzLlNlYXJjaE5lYXJieRACGAQgAA,park;point_of_interest;establishment,park,Kep town
ChIJIQxN0WAzCDERPsB2W86UwQA,Mangrove Forest,nature,wildlife_refuge,Wildlife Refuge,walking,10.5573167,104.2603166,"H746+W4G, Cambodia",4.3,16,,OPERATIONAL,,https://maps.google.com/?cid=54488284523839550&g_mp=Cilnb29nbGUubWFwcy5wbGFjZXMudjEuUGxhY2VzLlNlYXJjaE5lYXJieRACGAQgAA,wildlife_refuge;park;point_of_interest;establishment,park,Kep town
ChIJNfV1_oU2CDERBDRgITE5_2Q,Lotus Pond,nature,park,Park,walking,10.6034042,104.18206629999999,"J53J+9R8, ផ្លូវលេខ ៧៣៦, Kampot, Cambodia",4.2,92,,OPERATIONAL,,https://maps.google.com/?cid=7277598406030144516&g_mp=Cilnb29nbGUubWFwcy5wbGFjZXMudjEuUGxhY2VzLlNlYXJjaE5lYXJieRACGAQgAA,park;point_of_interest;establishment,park,Kep town
ChIJ-aDnagAzCDERqkiKRvEwX-w,ឆ្នេរសមុទ្រកោងកាង,nature,national_park,National Park,walking,10.5518416,104.2685812,"H729+PC, Krong Kaeb, Cambodia",4.4,11,,OPERATIONAL,,https://maps.google.com/?cid=17032386128567224490&g_mp=Cilnb29nbGUubWFwcy5wbGFjZXMudjEuUGxhY2VzLlNlYXJjaE5lYXJieRACGAQgAA,national_park;park;point_of_interest;establishment,park,Kep town
ChIJH2nBAVM3CDERbwztgT9Iv_0,Kampong Bay Riverside,nature,park,Park,walking,10.6030012,104.1802731,"J53J+38X, Kampot, Cambodia",4.5,17,,OPERATIONAL,http://www.visitkampot.info/,https://maps.google.com/?cid=18284412449747438703&g_mp=Cilnb29nbGUubWFwcy5wbGFjZXMudjEuUGxhY2VzLlNlYXJjaE5lYXJieRACGAQgAA,park;point_of_interest;establishment,park,Kep town
ChIJXZQTqQsxCDERvHbKaHiuc6M,New coconut beach,nature,park,Park,walking,10.5421573,104.1835461,"G5RM+VC7, Kampot, Cambodia",4.3,9,,OPERATIONAL,,https://maps.google.com/?cid=11777949282681386684&g_mp=Cilnb29nbGUubWFwcy5wbGFjZXMudjEuUGxhY2VzLlNlYXJjaE5lYXJieRACGAQgAA,park;point_of_interest;establishment,park,Kep town
ChIJLzeKUADNCTER9PFg2_qpWaw,Kep Ocean View Point,nature,park,Park,walking,10.500189599999999,104.2994215,"G72X+3Q, Krong Kaeb, Cambodia",3,4,,OPERATIONAL,,https://maps.google.com/?cid=12419144342338335220&g_mp=Cilnb29nbGUubWFwcy5wbGFjZXMudjEuUGxhY2VzLlNlYXJjaE5lYXJieRACGAQgAA,park;point_of_interest;establishment,park,Kep town
ChIJszl0AADNCTERSmLWL-d86Og,Kep National Park exit checkpoint,nature,park,Park,walking,10.485322499999999,104.307333,"F8P4+4W, Krong Kaeb, Cambodia",3,4,,OPERATIONAL,,https://maps.google.com/?cid=16782801343778021962&g_mp=Cilnb29nbGUubWFwcy5wbGFjZXMudjEuUGxhY2VzLlNlYXJjaE5lYXJieRACGAQgAA,park;point_of_interest;establishment,park,Kep town
ChIJIwT1PrrTCTER9YW--QM13hQ,កោះត្បាល់,nature,national_park,National Park,walking,10.424432999999999,104.34408669999999,"C8FV+QJ, Krong Kaeb, Cambodia",4,6,,OPERATIONAL,,https://maps.google.com/?cid=1503697616779511285&g_mp=Cilnb29nbGUubWFwcy5wbGFjZXMudjEuUGxhY2VzLlNlYXJjaE5lYXJieRACGAQgAA,national_park;park;point_of_interest;establishment,park,Kep town
ChIJbQ0E9y3TCTER8OR1e9x2l7o,កោះកុក,nature,national_park,National Park,walking,10.4568605,104.33953729999999,"F84Q+PR, Krong Kaeb, Cambodia",5,2,,OPERATIONAL,,https://maps.google.com/?cid=13445345901874111728&g_mp=Cilnb29nbGUubWFwcy5wbGFjZXMudjEuUGxhY2VzLlNlYXJjaE5lYXJieRACGAQgAA,national_park;park;point_of_interest;establishment,park,Kep town
ChIJe4MVfQDNCTERWVeN7JMOfQQ,KEP viewpoint,nature,park,Park,walking,10.5004154,104.297827,"G72X+54, Krong Kaeb, Cambodia",,,,OPERATIONAL,https://youtube.com/@saksavin?si=iW_O38w9nHJnBPkL,https://maps.google.com/?cid=323430776732211033&g_mp=Cilnb29nbGUubWFwcy5wbGFjZXMudjEuUGxhY2VzLlNlYXJjaE5lYXJieRACGAQgAA,park;point_of_interest;establishment,park,Kep town
ChIJbTPdF9jTCTERM0vjqiSO4EM,Koh Po / Paradise island,nature,national_park,National Park,walking,10.3976475,104.33001929999999,"paradise island, Krong Kaeb 17000, Cambodia",4.9,12,,OPERATIONAL,https://web.facebook.com/profile.php?id=61553651559897,https://maps.google.com/?cid=4891065483461348147&g_mp=Cilnb29nbGUubWFwcy5wbGFjZXMudjEuUGxhY2VzLlNlYXJjaE5lYXJieRACGAQgAA,national_park;park;point_of_interest;establishment,park,Kep town
ChIJpU8UDgrNCTERMskQ-gjBWkM,Por Heng Reservoir,nature,park,Park,walking,10.5117029,104.3022629,"G862+MWJ, Krong Kaeb, Cambodia",4.3,3,,OPERATIONAL,,https://maps.google.com/?cid=4853403792744433970&g_mp=Cilnb29nbGUubWFwcy5wbGFjZXMudjEuUGxhY2VzLlNlYXJjaE5lYXJieRACGAQgAA,park;point_of_interest;establishment,park,Kep town
ChIJYSdOfdDNCTERM91pe4GZvVw,Kep’s Sunset Views,nature,park,Park,walking,10.4859397,104.2888325,"crab market, 33A Thmey, village, Krong Kaeb, Cambodia",4.8,4,,OPERATIONAL,,https://maps.google.com/?cid=6682666203488050483&g_mp=Cilnb29nbGUubWFwcy5wbGFjZXMudjEuUGxhY2VzLlNlYXJjaE5lYXJieRACGAQgAA,park;point_of_interest;establishment,park,Kep town
ChIJraM7bAA1CDERoaxnG-8YO94,Phnom Chhngok Temple,cultural,hindu_temple,Hindu Temple,sightseeing,10.6426258,104.2697062,"J7V9+3V4, Cambodia",5,1,,OPERATIONAL,,https://maps.google.com/?cid=16013420315281960097&g_mp=Cilnb29nbGUubWFwcy5wbGFjZXMudjEuUGxhY2VzLlNlYXJjaE5lYXJieRACGAQgAA,hindu_temple;place_of_worship;point_of_interest;association_or_organization;establishment,hindu_temple,Kep town
ChIJrwFM_0nHCTERKfQ9kFsn0Nc,Kampong Trach Cave,cultural,buddhist_temple,Buddhist Temple,sightseeing,10.5733167,104.4725102,"Kampong Trach Entry Way, Cambodia",4.2,91,,OPERATIONAL,,https://maps.google.com/?cid=15550972787525809193&g_mp=Cilnb29nbGUubWFwcy5wbGFjZXMudjEuUGxhY2VzLlNlYXJjaE5lYXJieRACGAQgAA,buddhist_temple;place_of_worship;association_or_organization;point_of_interest;establishment,buddhist_temple,Kep town
ChIJu3a1eBzJCTERoreSU1uWDyY,Wat Phnom Reab,cultural,buddhist_temple,Buddhist Temple,sightseeing,10.6274114,104.40425259999999,"JCG3+XP6, Unnamed Road, Cambodia",4.1,25,,OPERATIONAL,,https://maps.google.com/?cid=2742576017080235938&g_mp=Cilnb29nbGUubWFwcy5wbGFjZXMudjEuUGxhY2VzLlNlYXJjaE5lYXJieRACGAQgAA,buddhist_temple;place_of_worship;association_or_organization;point_of_interest;establishment,buddhist_temple,Kep town
ChIJHVQRVwDbCTER8rZMukf76XI,Wat Phnom Reab,cultural,buddhist_temple,Buddhist Temple,sightseeing,10.448508499999999,104.483812,"CFXM+9H, Cambodia",4.4,14,,OPERATIONAL,,https://maps.google.com/?cid=8280425675384207090&g_mp=Cilnb29nbGUubWFwcy5wbGFjZXMudjEuUGxhY2VzLlNlYXJjaE5lYXJieRACGAQgAA,buddhist_temple;place_of_worship;association_or_organization;point_of_interest;establishment,buddhist_temple,Kep town
ChIJkXqLDRbNCTER9mVs0OcVwVA,Vipassana Dhura Kep,cultural,buddhist_temple,Buddhist Temple,sightseeing,10.500029099999999,104.31379179999999,"Krong Kaeb, Cambodia",4.4,196,,OPERATIONAL,,https://maps.google.com/?cid=5818956278917785078&g_mp=Cilnb29nbGUubWFwcy5wbGFjZXMudjEuUGxhY2VzLlNlYXJjaE5lYXJieRACGAQgAA,buddhist_temple;tourist_attraction;place_of_worship;association_or_organization;point_of_interest;establishment,buddhist_temple,Kep town
ChIJF7VRGwDbCTEREbvjuvt25Vo,"ភ្នំទឹកធំ កំពត កម្ពុជា/Phnom Teuk Thom, Kampot",cultural,buddhist_temple,Buddhist Temple,sightseeing,10.4397333,104.48035159999999,"CFQJ+V4X, ភ្នំទឹកធំ, Cambodia",4.8,11,,OPERATIONAL,,https://maps.google.com/?cid=6549772056624610065&g_mp=Cilnb29nbGUubWFwcy5wbGFjZXMudjEuUGxhY2VzLlNlYXJjaE5lYXJieRACGAQgAA,buddhist_temple;place_of_worship;association_or_organization;point_of_interest;establishment,buddhist_temple,Kep town
ChIJb6UKqSs0CDERtVcLnhb1rNs,Wat Chum Kreal,cultural,buddhist_temple,Buddhist Temple,sightseeing,10.606354,104.2051419,"J644+G3R, 33, Kampot, Cambodia",4.6,27,,OPERATIONAL,,https://maps.google.com/?cid=15829296267790079925&g_mp=Cilnb29nbGUubWFwcy5wbGFjZXMudjEuUGxhY2VzLlNlYXJjaE5lYXJieRACGAQgAA,buddhist_temple;place_of_worship;association_or_organization;point_of_interest;establishment,buddhist_temple,Kep town
ChIJlWNU4A81CDER3-cEv7Q2s_Y,វត្តពោធិ៍ព្រឹក្ស ហៅវត្តតូប,cultural,buddhist_temple,Buddhist Temple,sightseeing,10.6189541,104.25105980000001,"139, Cambodia",3.6,7,,OPERATIONAL,,https://maps.google.com/?cid=17776612304088262623&g_mp=Cilnb29nbGUubWFwcy5wbGFjZXMudjEuUGxhY2VzLlNlYXJjaE5lYXJieRACGAQgAA,buddhist_temple;place_of_worship;association_or_organization;point_of_interest;establishment,buddhist_temple,Kep town
ChIJhwXT5qvICTERgUWN8qOnIfg,Wat Utumpor Kampong Trach,cultural,buddhist_temple,Buddhist Temple,sightseeing,10.5580049,104.4677517,"HF59+642, AH123, Kampong Trach, Cambodia",4.2,32,,OPERATIONAL,,https://maps.google.com/?cid=17879756318228432257&g_mp=Cilnb29nbGUubWFwcy5wbGFjZXMudjEuUGxhY2VzLlNlYXJjaE5lYXJieRACGAQgAA,buddhist_temple;place_of_worship;association_or_organization;point_of_interest;establishment,buddhist_temple,Kep town
ChIJs9C_eZzQCTERI0tO7Vzb6Lk,Pagoda Xa Xia,cultural,buddhist_temple,Buddhist Temple,sightseeing,10.40714,104.4667789,"CF48+VP2, Bà Lý, Hà Tiên, An Giang, Vietnam",4.3,75,,OPERATIONAL,,https://maps.google.com/?cid=13396198283778345763&g_mp=Cilnb29nbGUubWFwcy5wbGFjZXMudjEuUGxhY2VzLlNlYXJjaE5lYXJieRACGAQgAA,buddhist_temple;tourist_attraction;place_of_worship;association_or_organization;point_of_interest;establishment,buddhist_temple,Kep town
ChIJzeurhBDXCTERVms5JC40yWI,Master MINH DANG QUANG meditated and attained enlightenment,cultural,buddhist_temple,Buddhist Temple,sightseeing,10.366236299999999,104.4420705,"9C8R+FRW, Núi Đèn, Hà Tiên, An Giang, Vietnam",4.9,42,,OPERATIONAL,http://daophatkhatsi.vn/,https://maps.google.com/?cid=7118278058816662358&g_mp=Cilnb29nbGUubWFwcy5wbGFjZXMudjEuUGxhY2VzLlNlYXJjaE5lYXJieRACGAQgAA,buddhist_temple;place_of_worship;association_or_organization;point_of_interest;establishment,buddhist_temple,Kep town
ChIJB0ar6_01CDER0Z9dvaX1LY0,Wat Ang Prey Serey Meanchey,cultural,buddhist_temple,Buddhist Temple,sightseeing,10.6249462,104.2143057,"J6F7+XPF, Unnamed Road, Tuek Chhou, Cambodia",4.7,16,,OPERATIONAL,,https://maps.google.com/?cid=10173057225495257041&g_mp=Cilnb29nbGUubWFwcy5wbGFjZXMudjEuUGxhY2VzLlNlYXJjaE5lYXJieRACGAQgAA,buddhist_temple;place_of_worship;association_or_organization;point_of_interest;establishment,buddhist_temple,Kep town
ChIJJ1DN0bTFCTERPMAuGLOxEvw,Wat Preah Kou,cultural,buddhist_temple,Buddhist Temple,sightseeing,10.5381886,104.481428,"GFMJ+PH7 Wat Preah Kor, Kampong Trach, Cambodia",5,3,,OPERATIONAL,,https://maps.google.com/?cid=18163775629901611068&g_mp=Cilnb29nbGUubWFwcy5wbGFjZXMudjEuUGxhY2VzLlNlYXJjaE5lYXJieRACGAQgAA,buddhist_temple;place_of_worship;association_or_organization;point_of_interest;establishment,buddhist_temple,Kep town
ChIJ-Y6RHdE0CDERR2OdL3SkiYc,Wat Kirisophea,cultural,buddhist_temple,Buddhist Temple,sightseeing,10.5981983,104.2774415,"H7XG+7XG, Tuek Chhou, Cambodia",4.2,18,,OPERATIONAL,,https://maps.google.com/?cid=9766518085851636551&g_mp=Cilnb29nbGUubWFwcy5wbGFjZXMudjEuUGxhY2VzLlNlYXJjaE5lYXJieRACGAQgAA,buddhist_temple;place_of_worship;association_or_organization;point_of_interest;establishment,buddhist_temple,Kep town
ChIJq0aD6IM2CDERzHqxbVbBNas,Wat sovansakor,cultural,buddhist_temple,Buddhist Temple,sightseeing,10.603541,104.1879845,"J53Q+C59, ផ្លូវលេខ ៧៣៦, Kampot, Cambodia",4,26,,OPERATIONAL,,https://maps.google.com/?cid=12336979331203037900&g_mp=Cilnb29nbGUubWFwcy5wbGFjZXMudjEuUGxhY2VzLlNlYXJjaE5lYXJieRACGAQgAA,buddhist_temple;place_of_worship;association_or_organization;point_of_interest;establishment,buddhist_temple,Kep town
ChIJ26TCjJraCTER8bQ2wEhuM48,Ruessei Srok Pagoda,cultural,buddhist_temple,Buddhist Temple,sightseeing,10.4339515,104.482609,"CFMM+H2Q, Cambodia",5,4,,OPERATIONAL,,https://maps.google.com/?cid=10318712429977449713&g_mp=Cilnb29nbGUubWFwcy5wbGFjZXMudjEuUGxhY2VzLlNlYXJjaE5lYXJieRACGAQgAA,buddhist_temple;place_of_worship;association_or_organization;point_of_interest;establishment,buddhist_temple,Kep town
ChIJi_5eX_fMCTERiMADPKBzbeI,Wat Mony Rattanak Keo Krasaing,cultural,buddhist_temple,Buddhist Temple,sightseeing,10.526421,104.3279958,"G8GH+H59, Krong Kaeb, Cambodia",4.2,13,,OPERATIONAL,,https://maps.google.com/?cid=16315824157072015496&g_mp=Cilnb29nbGUubWFwcy5wbGFjZXMudjEuUGxhY2VzLlNlYXJjaE5lYXJieRACGAQgAA,buddhist_temple;place_of_worship;association_or_organization;point_of_interest;establishment,buddhist_temple,Kep town
ChIJU8VngbzMCTERde1e0FVdL8M,Kampong Trorlach Pagoda,cultural,buddhist_temple,Buddhist Temple,sightseeing,10.547007899999999,104.3038237,"G8W3+RG4, Krong Kaeb, Cambodia",3.5,11,,OPERATIONAL,,https://maps.google.com/?cid=14064562784450833781&g_mp=Cilnb29nbGUubWFwcy5wbGFjZXMudjEuUGxhY2VzLlNlYXJjaE5lYXJieRACGAQgAA,buddhist_temple;place_of_worship;association_or_organization;point_of_interest;establishment,buddhist_temple,Kep town
ChIJAQAAPKk1CDERK2sjeXifcww,Kbal Romeas Pagoda,cultural,buddhist_temple,Buddhist Temple,sightseeing,10.614668799999999,104.2348706,"J67M+VW9, Tuek Chhou, Cambodia",4.7,3,,OPERATIONAL,,https://maps.google.com/?cid=897236090554116907&g_mp=Cilnb29nbGUubWFwcy5wbGFjZXMudjEuUGxhY2VzLlNlYXJjaE5lYXJieRACGAQgAA,buddhist_temple;place_of_worship;association_or_organization;point_of_interest;establishment,buddhist_temple,Kep town
ChIJ_0tmY141CDERW5ybXJvyMyY,Angsdok Pagoda,cultural,buddhist_temple,Buddhist Temple,sightseeing,10.6452639,104.2654333,"139, Cambodia",4.6,18,,OPERATIONAL,,https://maps.google.com/?cid=2752810546341059675&g_mp=Cilnb29nbGUubWFwcy5wbGFjZXMudjEuUGxhY2VzLlNlYXJjaE5lYXJieRACGAQgAA,buddhist_temple;place_of_worship;association_or_organization;point_of_interest;establishment,buddhist_temple,Kep town
ChIJp8HBmFI1CDERGXsCqq5WMFU,Wat Ang Krisna,cultural,buddhist_temple,Buddhist Temple,sightseeing,10.608978900000002,104.276669,"J75G+HMV, Cambodia",4.8,4,,OPERATIONAL,,https://maps.google.com/?cid=6138501600282573593&g_mp=Cilnb29nbGUubWFwcy5wbGFjZXMudjEuUGxhY2VzLlNlYXJjaE5lYXJieRACGAQgAA,buddhist_temple;place_of_worship;association_or_organization;point_of_interest;establishment,buddhist_temple,Kep town
ChIJr_qhN4Q2CDER9-veW2NzUmg,St.Augustine Catholic Church in Kampot,cultural,church,Church,sightseeing,10.6029745,104.1851569,"Kampongbai, St.742, City 07451, Cambodia",4.6,18,,OPERATIONAL,https://www.facebook.com/profile.php?id=61553130356477&mibextid=ibOpuV,https://maps.google.com/?cid=7517197598615071735&g_mp=Cilnb29nbGUubWFwcy5wbGFjZXMudjEuUGxhY2VzLlNlYXJjaE5lYXJieRACGAQgAA,church;place_of_worship;association_or_organization;point_of_interest;establishment,church,Kep town
ChIJh54FHADVCTERZwFg4RJu-mQ,Nhà thờ Phanxico Xavie,cultural,church,Church,sightseeing,10.3143104,104.32732689999999,"887G+PWG, Unnamed, Road, Tiên Hải, An Giang, Vietnam",4.7,18,,OPERATIONAL,,https://maps.google.com/?cid=7276249175340089703&g_mp=Cilnb29nbGUubWFwcy5wbGFjZXMudjEuUGxhY2VzLlNlYXJjaE5lYXJieRACGAQgAA,church;place_of_worship;association_or_organization;point_of_interest;establishment,church,Kep town
ChIJwwmHCRLNCTER5nN9lP5vSTY,Kep - Kampot Church of Christ,cultural,church,Church,sightseeing,10.513851599999999,104.2922895,"G77R+GV, Krong Kaeb, Cambodia",5,3,,OPERATIONAL,,https://maps.google.com/?cid=3911780890551612390&g_mp=Cilnb29nbGUubWFwcy5wbGFjZXMudjEuUGxhY2VzLlNlYXJjaE5lYXJieRACGAQgAA,church;place_of_worship;association_or_organization;point_of_interest;establishment,church,Kep town
ChIJvfW-qys0CDERgAbLZTDVPSs,Kampot Methodist Church,cultural,church,Church,sightseeing,10.606175799999999,104.19624239999999,"J54W+FFH, Cambodia",4.7,15,,OPERATIONAL,,https://maps.google.com/?cid=3115880921053202048&g_mp=Cilnb29nbGUubWFwcy5wbGFjZXMudjEuUGxhY2VzLlNlYXJjaE5lYXJieRACGAQgAA,church;place_of_worship;association_or_organization;point_of_interest;establishment,church,Kep town
ChIJSUcMP0DNCTERWYKsRaPy6Wo,Kep Fellowship Church,cultural,church,Church,sightseeing,10.4850333,104.3204267,"F8PC+257, Krong Kaeb, Cambodia",5,4,,OPERATIONAL,,https://maps.google.com/?cid=7703955420656468569&g_mp=Cilnb29nbGUubWFwcy5wbGFjZXMudjEuUGxhY2VzLlNlYXJjaE5lYXJieRACGAQgAA,church;place_of_worship;association_or_organization;point_of_interest;establishment,church,Kep town
ChIJV9FoV63RCTER8SHgnPyy2H8,ថៅកុងភ្នំលក,cultural,church,Church,sightseeing,10.4504324,104.4438709,"FC2V+5GH, Hà Tiên, Cambodia",,,,OPERATIONAL,,https://maps.google.com/?cid=9212309835819786737&g_mp=Cilnb29nbGUubWFwcy5wbGFjZXMudjEuUGxhY2VzLlNlYXJjaE5lYXJieRACGAQgAA,church;place_of_worship;association_or_organization;point_of_interest;establishment,church,Kep town
ChIJ35SBZwTNCTERhvNehRziNhc,Kep Jesus Life Church,cultural,church,Church,sightseeing,10.514191799999999,104.3288773,"G87H+MHC, Krong Kaeb, Cambodia",5,5,,OPERATIONAL,,https://maps.google.com/?cid=1672772923739272070&g_mp=Cilnb29nbGUubWFwcy5wbGFjZXMudjEuUGxhY2VzLlNlYXJjaE5lYXJieRACGAQgAA,church;place_of_worship;association_or_organization;point_of_interest;establishment,church,Kep town
ChIJZwGNOtzNCTER-ONacQ5hzt8,깹겨자씨교회,cultural,church,Church,sightseeing,10.494990699999999,104.3724979,"F9VC+XXX, Cambodia",5,2,,OPERATIONAL,,https://maps.google.com/?cid=16126934030319543288&g_mp=Cilnb29nbGUubWFwcy5wbGFjZXMudjEuUGxhY2VzLlNlYXJjaE5lYXJieRACGAQgAA,church;place_of_worship;association_or_organization;point_of_interest;establishment,church,Kep town
ChIJI18lq0_NCTERblQLdbBK-QM,Kaep Brethren Church,cultural,church,Church,sightseeing,10.530216300000001,104.34045669999999,"G8JR+45, Krong Kaeb, Cambodia",1,1,,OPERATIONAL,,https://maps.google.com/?cid=286342173053113454&g_mp=Cilnb29nbGUubWFwcy5wbGFjZXMudjEuUGxhY2VzLlNlYXJjaE5lYXJieRACGAQgAA,church;place_of_worship;association_or_organization;point_of_interest;establishment,church,Kep town
ChIJOYuDqls1CDERxh6FYq4QxQo,ក្រុមជំនុំព្រះសង្គ្រោះកំពត,cultural,church,Church,sightseeing,10.6032092,104.2356192,"NR33, Cambodia",5,2,,OPERATIONAL,,https://maps.google.com/?cid=776044851954523846&g_mp=Cilnb29nbGUubWFwcy5wbGFjZXMudjEuUGxhY2VzLlNlYXJjaE5lYXJieRACGAQgAA,church;place_of_worship;association_or_organization;point_of_interest;establishment,church,Kep town
ChIJy_K7hFs1CDER23oK_ihTmkM,Salt field church,cultural,church,Church,sightseeing,10.5884564,104.21373799999999,"Cambodia, Kampot, city salt field",5,2,,OPERATIONAL,,https://maps.google.com/?cid=4871297382480509659&g_mp=Cilnb29nbGUubWFwcy5wbGFjZXMudjEuUGxhY2VzLlNlYXJjaE5lYXJieRACGAQgAA,church;place_of_worship;association_or_organization;point_of_interest;establishment,church,Kep town
ChIJ-TlgUC01CDER1xJSZJPSu30,깜뽓 사역지,cultural,church,Church,sightseeing,10.620297500000001,104.2426541,"J6CV+436, Cambodia",,,,OPERATIONAL,,https://maps.google.com/?cid=9060066605871010519&g_mp=Cilnb29nbGUubWFwcy5wbGFjZXMudjEuUGxhY2VzLlNlYXJjaE5lYXJieRACGAQgAA,church;place_of_worship;association_or_organization;point_of_interest;establishment,church,Kep town
ChIJjVJtVw7NCTERQ7rfe04PRmw,ក្រុមជំនុំ អេលីម ខេត្តកែប,cultural,church,Church,sightseeing,10.485799499999999,104.32140559999999,"F8PC+8H6, Krong Kaeb, Cambodia",,,,OPERATIONAL,,https://maps.google.com/?cid=7801940234226088515&g_mp=Cilnb29nbGUubWFwcy5wbGFjZXMudjEuUGxhY2VzLlNlYXJjaE5lYXJieRACGAQgAA,church;place_of_worship;association_or_organization;point_of_interest;establishment,church,Kep town
ChIJ2ZuxR13NCTER0iuWYjvBhsI,Elim Church Kep,cultural,church,Church,sightseeing,10.4874204,104.3218431,"F8PC+XP8, Krong Kaeb, Cambodia",,,,OPERATIONAL,,https://maps.google.com/?cid=14017103351038487506&g_mp=Cilnb29nbGUubWFwcy5wbGFjZXMudjEuUGxhY2VzLlNlYXJjaE5lYXJieRACGAQgAA,church;place_of_worship;association_or_organization;point_of_interest;establishment,church,Kep town
ChIJB0s-S7DICTERLOaCj-LUYUA,ពួកជំនុំជីវិតព្រះយេស៊ូវកំពង់ត្រាច,cultural,church,Church,sightseeing,10.561550500000001,104.45894550000001,"ភូមិកំពង់ត្រាចទី2 ស្រុកកំពង់ត្រាច, Cambodia",5,2,,OPERATIONAL,,https://maps.google.com/?cid=4639223160703739436&g_mp=Cilnb29nbGUubWFwcy5wbGFjZXMudjEuUGxhY2VzLlNlYXJjaE5lYXJieRACGAQgAA,church;place_of_worship;association_or_organization;point_of_interest;establishment,church,Kep town
ChIJQ6CVCHU1CDERBFlL0ivg0C0,កំពុងត្នោត,cultural,church,Church,sightseeing,10.576086,104.262203,"H7G6+VF, NR33, Kampot, Cambodia",5,1,,OPERATIONAL,,https://maps.google.com/?cid=3301385005678942468&g_mp=Cilnb29nbGUubWFwcy5wbGFjZXMudjEuUGxhY2VzLlNlYXJjaE5lYXJieRACGAQgAA,church;place_of_worship;association_or_organization;point_of_interest;establishment,church,Kep town
ChIJl2rDExXVCTERDLDpKytU3hI,Nhà thờ Tiên Hải,cultural,church,Church,sightseeing,10.3144776,104.32736229999999,"887G+QWX, Unnamed, Road, Tiên Hải, An Giang, Vietnam",4.5,4,,OPERATIONAL,,https://maps.google.com/?cid=1359616681909530636&g_mp=Cilnb29nbGUubWFwcy5wbGFjZXMudjEuUGxhY2VzLlNlYXJjaE5lYXJieRACGAQgAA,church;place_of_worship;association_or_organization;point_of_interest;establishment,church,Kep town
ChIJTSpwaAA3CDERJlvn6Nmzs9M,Kampot Seventh-Day Adventist Church,cultural,church,Church,sightseeing,10.608104299999999,104.18553290000001,"J55P+66V, NR33, Kampot, Cambodia",,,,OPERATIONAL,,https://maps.google.com/?cid=15254734111330753318&g_mp=Cilnb29nbGUubWFwcy5wbGFjZXMudjEuUGxhY2VzLlNlYXJjaE5lYXJieRACGAQgAA,church;place_of_worship;association_or_organization;point_of_interest;establishment,church,Kep town
ChIJAUfcOK3JCTER9A9PYH1VE_0,ព្រះវិហារដំណាក់ព្រះគ្រីស្ទ,cultural,church,Church,sightseeing,10.5787129,104.4608634,"HFH6+F8, Kampong Trach, Cambodia",,,,OPERATIONAL,,https://maps.google.com/?cid=18236013313128337396&g_mp=Cilnb29nbGUubWFwcy5wbGFjZXMudjEuUGxhY2VzLlNlYXJjaE5lYXJieRACGAQgAA,church;place_of_worship;association_or_organization;point_of_interest;establishment,church,Kep town
ChIJC7PvAgDLCTERnwbwJRnlF1Q,Kan Biak In,cultural,church,Church,sightseeing,10.6317411,104.30355949999999,"Trapeang Angchan -1, Cambodia",,,,OPERATIONAL,,https://maps.google.com/?cid=6059563719823722143&g_mp=Cilnb29nbGUubWFwcy5wbGFjZXMudjEuUGxhY2VzLlNlYXJjaE5lYXJieRACGAQgAA,church;place_of_worship;association_or_organization;point_of_interest;establishment,church,Kep town
ChIJT6VBotbMCTER2symmhyDOts,Masjid Phum Sbov,cultural,mosque,Mosque,sightseeing,10.5212825,104.29239609999999,"Masjid Phum Sbov, NR33A, Krong Kaeb, Cambodia",4.1,14,,OPERATIONAL,,https://maps.google.com/?cid=15797082801832381658&g_mp=Cilnb29nbGUubWFwcy5wbGFjZXMudjEuUGxhY2VzLlNlYXJjaE5lYXJieRACGAQgAA,mosque;place_of_worship;association_or_organization;point_of_interest;establishment,mosque,Kep town
ChIJDxyIGiE0CDERuM9b33agzGo,Kampong Treak Mosque,cultural,mosque,Mosque,sightseeing,10.5908683,104.1966358,"Masjid Kampong Treach, Kampot, Cambodia",4.9,8,,OPERATIONAL,,https://maps.google.com/?cid=7695702295683256248&g_mp=Cilnb29nbGUubWFwcy5wbGFjZXMudjEuUGxhY2VzLlNlYXJjaE5lYXJieRACGAQgAA,mosque;place_of_worship;association_or_organization;point_of_interest;establishment,mosque,Kep town
ChIJNwf7TpU3CDERi_ZCnP265b4,ម៉ាស្ជិឌកំពង់កណ្ដាល Masjid Kampong Kandal,cultural,mosque,Mosque,sightseeing,10.5970353,104.1884837,"H5WQ+R99, Kampot, Cambodia",4,6,,OPERATIONAL,,https://maps.google.com/?cid=13755606235284174475&g_mp=Cilnb29nbGUubWFwcy5wbGFjZXMudjEuUGxhY2VzLlNlYXJjaE5lYXJieRACGAQgAA,mosque;place_of_worship;association_or_organization;point_of_interest;establishment,mosque,Kep town
ChIJD3bsAlTNCTERfxDsCLr8HgU,Sangkat Prey Thum Mosque,cultural,mosque,Mosque,sightseeing,10.544808,104.30811399999999,"G8V5+W6H, Krong Kaeb, Cambodia",4.4,10,,OPERATIONAL,,https://maps.google.com/?cid=369010095434764415&g_mp=Cilnb29nbGUubWFwcy5wbGFjZXMudjEuUGxhY2VzLlNlYXJjaE5lYXJieRACGAQgAA,mosque;place_of_worship;association_or_organization;point_of_interest;establishment,mosque,Kep town
ChIJfSKVLvg0CDER7rD9ovLnEIc,Masjid Kampong Keh,cultural,mosque,Mosque,sightseeing,10.596605,104.24202919999999,"33, Masjid Kampong Keh, 33, Tuek Chhou, Cambodia",3.9,16,,OPERATIONAL,,https://maps.google.com/?cid=9732533824050278638&g_mp=Cilnb29nbGUubWFwcy5wbGFjZXMudjEuUGxhY2VzLlNlYXJjaE5lYXJieRACGAQgAA,mosque;place_of_worship;association_or_organization;point_of_interest;establishment,mosque,Kep town
ChIJqQo7PJ82CDERwM0SIAIYi44,Doun Taok Mosque,cultural,mosque,Mosque,sightseeing,10.5894066,104.1884891,"H5QQ+Q99, Kampot, Cambodia",4.4,14,,OPERATIONAL,,https://maps.google.com/?cid=10271329772555652544&g_mp=Cilnb29nbGUubWFwcy5wbGFjZXMudjEuUGxhY2VzLlNlYXJjaE5lYXJieRACGAQgAA,mosque;place_of_worship;association_or_organization;point_of_interest;establishment,mosque,Kep town
ChIJ__-_xlI0CDERiyAXRl8sp_8,Masjid Kbal Romeas,cultural,mosque,Mosque,sightseeing,10.60676,104.229693,"J64H+PV4, 33, Tuek Chhou, Cambodia",,,,OPERATIONAL,,https://maps.google.com/?cid=18421741588491739275&g_mp=Cilnb29nbGUubWFwcy5wbGFjZXMudjEuUGxhY2VzLlNlYXJjaE5lYXJieRACGAQgAA,mosque;place_of_worship;association_or_organization;point_of_interest;establishment,mosque,Kep town
ChIJlWU1Zuc1CDERq37afL4OPmU,Markaz Tabligh Kampot,cultural,mosque,Mosque,sightseeing,10.6066757,104.2296935,"J64H+MVG, AH123, Tuek Chhou, Cambodia",4,1,,OPERATIONAL,,https://maps.google.com/?cid=7295284657688051371&g_mp=Cilnb29nbGUubWFwcy5wbGFjZXMudjEuUGxhY2VzLlNlYXJjaE5lYXJieRACGAQgAA,mosque;place_of_worship;association_or_organization;point_of_interest;establishment,mosque,Kep town
ChIJpyenaAA3CDERIjWaA8RNlYQ,វិហារឥស្លាម ទួលខ្ពស់,cultural,mosque,Mosque,sightseeing,10.5704078,104.1736105,"H5CF+5C9, Kampot, Cambodia",,,,OPERATIONAL,,https://maps.google.com/?cid=9553627688805741858&g_mp=Cilnb29nbGUubWFwcy5wbGFjZXMudjEuUGxhY2VzLlNlYXJjaE5lYXJieRACGAQgAA,mosque;place_of_worship;association_or_organization;point_of_interest;establishment,mosque,Kep town
ChIJaysokgw3CDERroq_jICureU,Masjid Ali,cultural,mosque,Mosque,sightseeing,10.6018978,104.1919649,"J52R+QQ4, Tuek Chhou, Cambodia",2.3,3,,OPERATIONAL,,https://maps.google.com/?cid=16550076072796850862&g_mp=Cilnb29nbGUubWFwcy5wbGFjZXMudjEuUGxhY2VzLlNlYXJjaE5lYXJieRACGAQgAA,mosque;place_of_worship;association_or_organization;point_of_interest;establishment,mosque,Kep town
ChIJg_Vx0-I1CDERv-3AGgeJ5CU,Masjid Prek Chhong Ruk(Trapeang Sangkae),cultural,mosque,Mosque,sightseeing,10.6025184,104.23515169999999,"AH123, Cambodia",2.5,2,,OPERATIONAL,,https://maps.google.com/?cid=2730457937699990975&g_mp=Cilnb29nbGUubWFwcy5wbGFjZXMudjEuUGxhY2VzLlNlYXJjaE5lYXJieRACGAQgAA,mosque;place_of_worship;association_or_organization;point_of_interest;establishment,mosque,Kep town
ChIJn6ruLwA3CDERzUBPXQk6XoQ,Masjid Hajjah Azizah Ahmad,cultural,mosque,Mosque,sightseeing,10.5851116,104.1705739,"Andoung Khmer, Kampot, Cambodia",5,5,,OPERATIONAL,,https://maps.google.com/?cid=9538124872711880909&g_mp=Cilnb29nbGUubWFwcy5wbGFjZXMudjEuUGxhY2VzLlNlYXJjaE5lYXJieRACGAQgAA,mosque;place_of_worship;association_or_organization;point_of_interest;establishment,mosque,Kep town
ChIJVVWV7rk1CDERJjIrQwGtwlI,Masjid Kampong Samraong,cultural,mosque,Mosque,sightseeing,10.6200154,104.2211549,"J6CC+2F2, Tuek Chhou, Cambodia",,,,OPERATIONAL,,https://maps.google.com/?cid=5963519077525434918&g_mp=Cilnb29nbGUubWFwcy5wbGFjZXMudjEuUGxhY2VzLlNlYXJjaE5lYXJieRACGAQgAA,mosque;place_of_worship;association_or_organization;point_of_interest;establishment,mosque,Kep town
ChIJFdwUBgA1CDERB4T7jVsC0Bw,Korban big house,cultural,mosque,Mosque,sightseeing,10.593252900000001,104.2438452,"H6VV+8H, Tuek Chhou, Cambodia",,,,OPERATIONAL,,https://maps.google.com/?cid=2076162020465148935&g_mp=Cilnb29nbGUubWFwcy5wbGFjZXMudjEuUGxhY2VzLlNlYXJjaE5lYXJieRACGAQgAA,mosque;place_of_worship;association_or_organization;point_of_interest;establishment,mosque,Kep town
ChIJ5-esM3M1CDERQCyBds7i-JE,Masjid Prek Chungrok,cultural,mosque,Mosque,sightseeing,10.6067052,104.22967279999999,"J64H+MVM, AH123, Tuek Chhou, Cambodia",,,,OPERATIONAL,,https://maps.google.com/?cid=10518406306103110720&g_mp=Cilnb29nbGUubWFwcy5wbGFjZXMudjEuUGxhY2VzLlNlYXJjaE5lYXJieRACGAQgAA,mosque;place_of_worship;association_or_organization;point_of_interest;establishment,mosque,Kep town
ChIJAQBAk7s2CDERctlx_zA35tw,Masjid Trapeang Pring,cultural,mosque,Mosque,sightseeing,10.5817225,104.17720089999999,"H5JG+MVP, Kampot, Cambodia",5,2,,OPERATIONAL,,https://maps.google.com/?cid=15917470616571206002&g_mp=Cilnb29nbGUubWFwcy5wbGFjZXMudjEuUGxhY2VzLlNlYXJjaE5lYXJieRACGAQgAA,mosque;place_of_worship;association_or_organization;point_of_interest;establishment,mosque,Kep town
ChIJLQxtDwA3CDERNCseUmzkNUU,SURAU KRONG KAMPOT,cultural,mosque,Mosque,sightseeing,10.575944300000002,104.17224139999999,"H5GF+W2, Kampot, Cambodia",5,1,,OPERATIONAL,,https://maps.google.com/?cid=4987143316268002100&g_mp=Cilnb29nbGUubWFwcy5wbGFjZXMudjEuUGxhY2VzLlNlYXJjaE5lYXJieRACGAQgAA,mosque;place_of_worship;association_or_organization;point_of_interest;establishment,mosque,Kep town
ChIJq6rq1702CDERkH2DbXZQhjU,Masjid Trapeang Smach,cultural,mosque,Mosque,sightseeing,10.586114799999999,104.1747716,"H5PF+CWR, SRE, Cambodia",5,1,,OPERATIONAL,,https://maps.google.com/?cid=3856858600463105424&g_mp=Cilnb29nbGUubWFwcy5wbGFjZXMudjEuUGxhY2VzLlNlYXJjaE5lYXJieRACGAQgAA,mosque;place_of_worship;association_or_organization;point_of_interest;establishment,mosque,Kep town
ChIJu-KrJQA3CDERXeu2g6-oKGk,MASJID PUTEH,cultural,mosque,Mosque,sightseeing,10.5759441,104.17224209999999,"H5GC+9VH, Kampot, Cambodia",,,,OPERATIONAL,,https://maps.google.com/?cid=7577491844833405789&g_mp=Cilnb29nbGUubWFwcy5wbGFjZXMudjEuUGxhY2VzLlNlYXJjaE5lYXJieRACGAQgAA,mosque;place_of_worship;association_or_organization;point_of_interest;establishment,mosque,Kep town
ChIJU_Q-OUw3CDER_1WwkERjlH8,ទីលានបាល់ទាត់ភូមិដូនតោក,urban,stadium,Stadium,,10.5865951,104.19122949999999,"Traeuy Kaoh, Kampot, Cambodia",4.5,2,,OPERATIONAL,,https://maps.google.com/?cid=9193081885506426367&g_mp=Cilnb29nbGUubWFwcy5wbGFjZXMudjEuUGxhY2VzLlNlYXJjaE5lYXJieRACGAQgAA,stadium;sports_complex;event_venue;sports_activity_location;point_of_interest;establishment,stadium,Kep town
ChIJQdt6Cn_JCTEReOQ1PvLxbCA,AMRIN Football Team,urban,stadium,Stadium,,10.592198,104.398123,"1335, Cambodia",5,1,,OPERATIONAL,,https://maps.google.com/?cid=2336508329426543736&g_mp=Cilnb29nbGUubWFwcy5wbGFjZXMudjEuUGxhY2VzLlNlYXJjaE5lYXJieRACGAQgAA,stadium;sports_complex;event_venue;sports_activity_location;point_of_interest;establishment,stadium,Kep town
ChIJqRLI1JTLCTERewAyEZnTCt0,La Plantation Spice Bar,urban,lounge_bar,Lounge bar,nightlife,10.6114378,104.3168483,"Bosnhenh Village, Kampot 070207, Cambodia",4.9,41,,OPERATIONAL,https://laplantation.com/,https://maps.google.com/?cid=15927775686521127035&g_mp=Cilnb29nbGUubWFwcy5wbGFjZXMudjEuUGxhY2VzLlNlYXJjaE5lYXJieRACGAQgAA,lounge_bar;night_club;bar;point_of_interest;establishment,night_club,Kep town
ChIJCao012bQCTER3HRktqzohLg,Hà Tiên Vegas Entertainment Resort,urban,hotel,Hotel,nightlife,10.428111200000002,104.4520563,"CFH2+6RF, 33, White Horse District, Cambodia",4.2,92,,OPERATIONAL,http://www.hatienvegas.com/,https://maps.google.com/?cid=13296007828396602588&g_mp=Cilnb29nbGUubWFwcy5wbGFjZXMudjEuUGxhY2VzLlNlYXJjaE5lYXJieRACGAQgAA,hotel;cafe;karaoke;spa;casino;night_club;lodging;bar;sports_club;association_or_organization;restaurant;food;point_of_interest;beauty_salon;service;establishment,night_club,Kep town
ChIJWYsdIUjNCTERT0I3I2-ywqs,Kep Lodge,urban,hotel,Hotel,nightlife,10.4949855,104.2963192,"Pepper Street 1, Krong Kaeb 15000, Cambodia",4.4,158,,OPERATIONAL,http://www.keplodge.com/,https://maps.google.com/?cid=12376650916369482319&g_mp=Cilnb29nbGUubWFwcy5wbGFjZXMudjEuUGxhY2VzLlNlYXJjaE5lYXJieRACGAQgAA,hotel;lounge_bar;cambodian_restaurant;resort_hotel;swimming_pool;european_restaurant;night_club;lodging;bar;sports_activity_location;restaurant;food;point_of_interest;establishment,night_club,Kep town
ChIJjU1yPuvNCTER1h5TyBfqegs,Paris Kep Restaurant,urban,restaurant,Restaurant,nightlife,10.480267099999999,104.29408699999999,"Kep beach, Krong Kaeb, Cambodia",4.8,114,,OPERATIONAL,,https://maps.google.com/?cid=827230869441945302&g_mp=Cilnb29nbGUubWFwcy5wbGFjZXMudjEuUGxhY2VzLlNlYXJjaE5lYXJieRACGAQgAA,restaurant;pizza_restaurant;cocktail_bar;karaoke;french_restaurant;night_club;gastropub;bar;fusion_restaurant;food;point_of_interest;establishment,night_club,Kep town
ChIJZy6kaZvbCTERfVgN2A9WlgQ,HATIVIEW QUÁN ĂN HẢI SẢN,urban,bistro,Bistro,nightlife,10.3854553,104.44638189999999,"Bãi sau khu du lịch, Hà Tiên, An Giang 92000, Vietnam",4.7,17,,OPERATIONAL,,https://maps.google.com/?cid=330546248707561597&g_mp=Cilnb29nbGUubWFwcy5wbGFjZXMudjEuUGxhY2VzLlNlYXJjaE5lYXJieRACGAQgAA,bistro;lounge_bar;breakfast_restaurant;brewpub;pub;night_club;bar;restaurant;food;point_of_interest;establishment,night_club,Kep town
ChIJuT9M6gLNCTER5fxWj6xacWQ,Blue Dragon KTV,urban,bar,Bar,nightlife,10.4934079,104.3192619,"ភូមិកែប សង្កាត់កែប ក្រុងកែប ខេត្តកែប, Krong Kaeb, Cambodia",5,1,,OPERATIONAL,,https://maps.google.com/?cid=7237665773346815205&g_mp=Cilnb29nbGUubWFwcy5wbGFjZXMudjEuUGxhY2VzLlNlYXJjaE5lYXJieRACGAQgAA,karaoke;night_club;bar;point_of_interest;establishment,night_club,Kep town
ChIJVeRpMAA1CDERnvVB-fGZSPg,កំពត ឆ្នេរថ្មី,urban,night_club,Night Club,nightlife,10.581617999999999,104.202951,"H6J3+J5, Kampot, Cambodia",5,1,,OPERATIONAL,,https://maps.google.com/?cid=17890718784277312926&g_mp=Cilnb29nbGUubWFwcy5wbGFjZXMudjEuUGxhY2VzLlNlYXJjaE5lYXJieRACGAQgAA,night_club;point_of_interest;establishment,night_club,Kep town
ChIJRRTim3Y3CDERVvbqb3oonmE,Waiting House KTV Family & Restaurant,urban,night_club,Night Club,nightlife,10.5976416,104.1860241,"H5XP+3C2, Kampot, Cambodia",,,,OPERATIONAL,,https://maps.google.com/?cid=7034104174328084054&g_mp=Cilnb29nbGUubWFwcy5wbGFjZXMudjEuUGxhY2VzLlNlYXJjaE5lYXJieRACGAQgAA,night_club;point_of_interest;establishment,night_club,Kep town
ChIJ90tzOQDPCTER466opXX05Ko,Kaka happy,urban,night_club,Night Club,nightlife,10.552727599999999,104.43860769999999,"HC3Q+3F, Kampong Trach, Cambodia",3.3,3,,OPERATIONAL,,https://maps.google.com/?cid=12314236067265425123&g_mp=Cilnb29nbGUubWFwcy5wbGFjZXMudjEuUGxhY2VzLlNlYXJjaE5lYXJieRACGAQgAA,night_club;point_of_interest;establishment,night_club,Kep town
ChIJg23DAWLRCTERwAy4I_VNYCQ,H-Vegas KTV (Karaoke),urban,bar,Bar,nightlife,10.4277765,104.45187999999999,"CFH2+6RF White Horse District, 33, Cambodia",,,,OPERATIONAL,https://hatienvegas.com/,https://maps.google.com/?cid=2621180698391219392&g_mp=Cilnb29nbGUubWFwcy5wbGFjZXMudjEuUGxhY2VzLlNlYXJjaE5lYXJieRACGAQgAA,karaoke;night_club;bar;point_of_interest;establishment,night_club,Kep town
ChIJrbTrp6DNCTERJP25veoEBNA,អាហារដ្ឋាន រតនៈ,urban,night_club,Night Club,nightlife,10.536088999999999,104.35591579999999,"G9P4+C9M, Damnak Chang'aeur District, Cambodia",5,1,,OPERATIONAL,,https://maps.google.com/?cid=14989110866047794468&g_mp=Cilnb29nbGUubWFwcy5wbGFjZXMudjEuUGxhY2VzLlNlYXJjaE5lYXJieRACGAQgAA,night_club;point_of_interest;establishment,night_club,Kep town
ChIJjU8YEyfNCTERiZH8NRQVf9A,Kon Pov,urban,night_club,Night Club,nightlife,10.4857634,104.318101,"F8P9+865, ក្រុងកែប, Cambodia",5,1,,OPERATIONAL,,https://maps.google.com/?cid=15023750058480537993&g_mp=Cilnb29nbGUubWFwcy5wbGFjZXMudjEuUGxhY2VzLlNlYXJjaE5lYXJieRACGAQgAA,night_club;point_of_interest;establishment,night_club,Kep town
ChIJRUq5IjLNCTERXmDXmxdlWZ8,The lounge bar kep,urban,lounge_bar,Lounge bar,nightlife,10.516357,104.3336525,"Road 33 A, Krong Kaeb 00000, Cambodia",4,6,,OPERATIONAL,,https://maps.google.com/?cid=11482319877031026782&g_mp=Cilnb29nbGUubWFwcy5wbGFjZXMudjEuUGxhY2VzLlNlYXJjaE5lYXJieRACGAQgAA,lounge_bar;night_club;bar;point_of_interest;establishment,night_club,Kep town
ChIJY8modADFCTERE3u0Jl5DmqQ,អន្លង់ថ្ងាន់,urban,night_club,Night Club,nightlife,10.477740299999999,104.492712,"FFHV+33W, Cambodia",,,,OPERATIONAL,,https://maps.google.com/?cid=11860866640288971539&g_mp=Cilnb29nbGUubWFwcy5wbGFjZXMudjEuUGxhY2VzLlNlYXJjaE5lYXJieRACGAQgAA,night_club;point_of_interest;establishment,night_club,Kep town
ChIJdUVq9ZbJCTERj77i2NyFOUk,ហា,urban,night_club,Night Club,nightlife,10.5569407,104.46796289999999,"HF49+Q5G, Kampong Trach, Cambodia",,,,OPERATIONAL,,https://maps.google.com/?cid=5276395622019284623&g_mp=Cilnb29nbGUubWFwcy5wbGFjZXMudjEuUGxhY2VzLlNlYXJjaE5lYXJieRACGAQgAA,night_club;point_of_interest;establishment,night_club,Kep town
ChIJyRUTtxA3CDERYflioVdleqA,Imart 2500R kompot (8មិនា2500R),urban,shopping_mall,Shopping Mall,shopping,10.605389299999999,104.18596559999999,"736, Kampot, Cambodia",5,2,,OPERATIONAL,,https://maps.google.com/?cid=11563666420271348065&g_mp=Cilnb29nbGUubWFwcy5wbGFjZXMudjEuUGxhY2VzLlNlYXJjaE5lYXJieRACGAQgAA,shopping_mall;point_of_interest;establishment,shopping_mall,Kep town
ChIJm0oBEBDPCTERSBbafyXlnj0,ស្រីអូន True mony,urban,shopping_mall,Shopping Mall,shopping,10.541692999999999,104.407293,"AH123, Cambodia",1,3,,OPERATIONAL,,https://maps.google.com/?cid=4440238231855437384&g_mp=Cilnb29nbGUubWFwcy5wbGFjZXMudjEuUGxhY2VzLlNlYXJjaE5lYXJieRACGAQgAA,shopping_mall;point_of_interest;establishment,shopping_mall,Kep town
ChIJYbFh6543CDERO6dmzcJoXig,Narelen Market,urban,shopping_mall,Shopping Mall,shopping,10.605632000000002,104.18563820000001,"36 ផ្លូវលេខ ៧៣៦, Kampot, Cambodia",4.3,3,,OPERATIONAL,,https://maps.google.com/?cid=2908877595206919995&g_mp=Cilnb29nbGUubWFwcy5wbGFjZXMudjEuUGxhY2VzLlNlYXJjaE5lYXJieRACGAQgAA,shopping_mall;point_of_interest;establishment,shopping_mall,Kep town
ChIJw_xTYQDNCTER0v02FBs6WHA,សិប្បកម្មទឹកពិសា អ័រគីដេស្ព្រីង,urban,shopping_mall,Shopping Mall,shopping,10.5400946,104.3193845,"G8R9+5Q4, NR33A, Krong Kaeb, Cambodia",,,,OPERATIONAL,,https://maps.google.com/?cid=8095284218176142802&g_mp=Cilnb29nbGUubWFwcy5wbGFjZXMudjEuUGxhY2VzLlNlYXJjaE5lYXJieRACGAQgAA,shopping_mall;point_of_interest;establishment,shopping_mall,Kep town
ChIJ9ZaLnS_NCTERym1raYOr0g8,ហាងចាប់រួយ អ៉ី ផាន,urban,shopping_mall,Shopping Mall,shopping,10.5145056,104.292099,"Street 33A, Thmey Village, Prey Thom District, Krong Kaeb, Cambodia",5,1,,OPERATIONAL,,https://maps.google.com/?cid=1140162236575870410&g_mp=Cilnb29nbGUubWFwcy5wbGFjZXMudjEuUGxhY2VzLlNlYXJjaE5lYXJieRACGAQgAA,shopping_mall;point_of_interest;establishment,shopping_mall,Kep town
ChIJCTqwU0zNCTER13Oc5QYMuNA,Smart kep electrich,urban,shopping_mall,Shopping Mall,shopping,10.4857385,104.32038639999999,"F8PC+75R, NR33A, Krong Kaeb, Cambodia",,,,OPERATIONAL,,https://maps.google.com/?cid=15039784179365344215&g_mp=Cilnb29nbGUubWFwcy5wbGFjZXMudjEuUGxhY2VzLlNlYXJjaE5lYXJieRACGAQgAA,shopping_mall;point_of_interest;establishment,shopping_mall,Kep town
ChIJ85VpQFDLCTERKzkcNA3pHPw,ចន្នាលក់មាន់ស្រែធម្មជាតិ KEP,urban,shopping_mall,Shopping Mall,shopping,10.561416099999999,104.2892311,"H76Q+HM9, Cambodia",3.7,3,,OPERATIONAL,,https://maps.google.com/?cid=18166651239823849771&g_mp=Cilnb29nbGUubWFwcy5wbGFjZXMudjEuUGxhY2VzLlNlYXJjaE5lYXJieRACGAQgAA,shopping_mall;point_of_interest;establishment,shopping_mall,Kep town
ChIJN28sBgDNCTERX5kZ9DcVkpo,Lisa Shop,urban,shopping_mall,Shopping Mall,shopping,10.525987899999999,104.3596401,"G9G5+9V, Damnak Chang'aeur District, Cambodia",5,3,,OPERATIONAL,,https://maps.google.com/?cid=11137988158503360863&g_mp=Cilnb29nbGUubWFwcy5wbGFjZXMudjEuUGxhY2VzLlNlYXJjaE5lYXJieRACGAQgAA,shopping_mall;point_of_interest;establishment,shopping_mall,Kep town
ChIJXVGIApfNCTER4wYWxWfNUBQ,Sreymach,urban,shopping_mall,Shopping Mall,shopping,10.546909099999999,104.2877177,"33A, Krong Kaeb, Cambodia",,,,OPERATIONAL,,https://maps.google.com/?cid=1463895724467291875&g_mp=Cilnb29nbGUubWFwcy5wbGFjZXMudjEuUGxhY2VzLlNlYXJjaE5lYXJieRACGAQgAA,shopping_mall;point_of_interest;establishment,shopping_mall,Kep town
ChIJ-2osbQDNCTERHFPuZvJf1mY,ពូលីលក់ហ្គាស,urban,shopping_mall,Shopping Mall,shopping,10.5536716,104.29606369999999,"88888, Cambodia",5,1,,OPERATIONAL,,https://maps.google.com/?cid=7410215731598349084&g_mp=Cilnb29nbGUubWFwcy5wbGFjZXMudjEuUGxhY2VzLlNlYXJjaE5lYXJieRACGAQgAA,shopping_mall;point_of_interest;establishment,shopping_mall,Kep town
ChIJbzEsOQA1CDERUscGRrYhmks,ឆាយឡេង មានលក់គ្រឿងក្រអូប,urban,shopping_mall,Shopping Mall,shopping,10.614192599999999,104.2039671,"J673+MHG ភូមិត្រពាំងធំ, Cambodia",3.6,5,,OPERATIONAL,,https://maps.google.com/?cid=5447703766000650066&g_mp=Cilnb29nbGUubWFwcy5wbGFjZXMudjEuUGxhY2VzLlNlYXJjaE5lYXJieRACGAQgAA,shopping_mall;point_of_interest;establishment,shopping_mall,Kep town
ChIJYyyNoak1CDERYYRP5uPsyVo,ស្រីហេង បោះដុំស្រាបៀ និងភេសជ្ជះ គ្រប់ប្រភេទ,urban,shopping_mall,Shopping Mall,shopping,10.6103238,104.2082971,Cambodia,,,,OPERATIONAL,,https://maps.google.com/?cid=6542020397298058337&g_mp=Cilnb29nbGUubWFwcy5wbGFjZXMudjEuUGxhY2VzLlNlYXJjaE5lYXJieRACGAQgAA,shopping_mall;point_of_interest;establishment,shopping_mall,Kep town
ChIJ3elGcV83CDERiZF8N6Lhzus,Hotmarzz Kampot,urban,shopping_mall,Shopping Mall,shopping,10.6038641,104.18384979999999,"J53M+GGX, ផ្លូវលេខ ៧០១, Kampot, Cambodia",5,2,,OPERATIONAL,,https://maps.google.com/?cid=16991766530947322249&g_mp=Cilnb29nbGUubWFwcy5wbGFjZXMudjEuUGxhY2VzLlNlYXJjaE5lYXJieRACGAQgAA,shopping_mall;point_of_interest;establishment,shopping_mall,Kep town
ChIJhZEHPgc1CDERfbN4yxss8-g,MeyMey Online Shop (ចាន់ធឿន),urban,shopping_mall,Shopping Mall,shopping,10.6109583,104.2680546,"139st.Koun Satv Commune, 070214, Cambodia",5,2,,OPERATIONAL,https://www.facebook.com/share/1HyD1ahc65/?mibextid=wwXIfr,https://maps.google.com/?cid=16785808734029394813&g_mp=Cilnb29nbGUubWFwcy5wbGFjZXMudjEuUGxhY2VzLlNlYXJjaE5lYXJieRACGAQgAA,shopping_mall;point_of_interest;establishment,shopping_mall,Kep town
ChIJafS6PtU1CDER2RANF2AlQdw,"ស្រីអាន ហាង2,500៛",urban,shopping_mall,Shopping Mall,shopping,10.6154134,104.26790129999999,"139, Kampot, Cambodia",,,,OPERATIONAL,,https://maps.google.com/?cid=15871007656464158937&g_mp=Cilnb29nbGUubWFwcy5wbGFjZXMudjEuUGxhY2VzLlNlYXJjaE5lYXJieRACGAQgAA,shopping_mall;point_of_interest;establishment,shopping_mall,Kep town
ChIJkTUeIwA1CDERoX1tBckSKuo,តូបទំនិគ,urban,shopping_mall,Shopping Mall,shopping,10.6074989,104.23079519999999,"J65J+263, Tuek Chhou, Cambodia",,,,OPERATIONAL,,https://maps.google.com/?cid=16873319608485772705&g_mp=Cilnb29nbGUubWFwcy5wbGFjZXMudjEuUGxhY2VzLlNlYXJjaE5lYXJieRACGAQgAA,shopping_mall;point_of_interest;establishment,shopping_mall,Kep town
ChIJDe3W48w1CDERcXXguIVEU2M,Sell Culverts (សុខា),urban,shopping_mall,Shopping Mall,shopping,10.610405799999999,104.20783759999999,"33, Cambodia",4,2,,OPERATIONAL,,https://maps.google.com/?cid=7157139573944907121&g_mp=Cilnb29nbGUubWFwcy5wbGFjZXMudjEuUGxhY2VzLlNlYXJjaE5lYXJieRACGAQgAA,shopping_mall;point_of_interest;establishment,shopping_mall,Kep town
ChIJH_VSKIE2CDERhiXJNj1a-PY,Lim Kimheng Mart,urban,shopping_mall,Shopping Mall,shopping,10.606766499999999,104.1878248,"97 ផ្លូវលេខ ៧៣៦, Kampot, Cambodia",3.3,11,,OPERATIONAL,,https://maps.google.com/?cid=17796073146513171846&g_mp=Cilnb29nbGUubWFwcy5wbGFjZXMudjEuUGxhY2VzLlNlYXJjaE5lYXJieRACGAQgAA,shopping_mall;point_of_interest;establishment,shopping_mall,Kep town
ChIJ5dapgo_JCTER8K-8JGPj7VA,ហ៊ាថា លក់គ្រឿងជ័រ,urban,shopping_mall,Shopping Mall,shopping,10.594411100000002,104.4568365,"HFV4+QP8, Cambodia",,,,OPERATIONAL,,https://maps.google.com/?cid=5831567107472273392&g_mp=Cilnb29nbGUubWFwcy5wbGFjZXMudjEuUGxhY2VzLlNlYXJjaE5lYXJieRACGAQgAA,shopping_mall;point_of_interest;establishment,shopping_mall,Kep town
ChIJhd_bRUvPCTERDPx-TXj56eU,Salt Fields,attraction,tourist_attraction,Tourist Attraction,,10.469670500000001,104.3972344,"1332, Cambodia",4.3,36,,OPERATIONAL,,https://maps.google.com/?cid=16567046999350639628&g_mp=Cilnb29nbGUubWFwcy5wbGFjZXMudjEuUGxhY2VzLlNlYXJjaE5lYXJieRACGAQgAA,tourist_attraction;point_of_interest;establishment,tourist_attraction,Kep National Park
ChIJLepBGcHNCTERsJDXhYrg2Y0,New White Horse Statue,attraction,tourist_attraction,Tourist Attraction,,10.4958188,104.3514872,"F9W2+8HH, Krong Kaeb, Cambodia",4.1,28,,OPERATIONAL,,https://maps.google.com/?cid=10221447714849657008&g_mp=Cilnb29nbGUubWFwcy5wbGFjZXMudjEuUGxhY2VzLlNlYXJjaE5lYXJieRACGAQgAA,tourist_attraction;point_of_interest;establishment,tourist_attraction,Kep National Park
ChIJ6zUbJADNCTER0njNMxuobYk,View Point,attraction,tourist_attraction,Tourist Attraction,,10.478517199999999,104.28926399999999,"F7HQ+HV4, Krong Kaeb, Cambodia",4.8,15,,OPERATIONAL,,https://maps.google.com/?cid=9902755990444275922&g_mp=Cilnb29nbGUubWFwcy5wbGFjZXMudjEuUGxhY2VzLlNlYXJjaE5lYXJieRACGAQgAA,tourist_attraction;point_of_interest;establishment,tourist_attraction,Kep National Park
ChIJtW1yXgfNCTER2CexDbpPR18,Landscape Tower,attraction,observation_deck,Observation Deck,,10.500304,104.302189,"G822+4V, Krong Kaeb, Cambodia",4.7,56,,OPERATIONAL,,https://maps.google.com/?cid=6865543817461835736&g_mp=Cilnb29nbGUubWFwcy5wbGFjZXMudjEuUGxhY2VzLlNlYXJjaE5lYXJieRACGAQgAA,observation_deck;tourist_attraction;point_of_interest;establishment,tourist_attraction,Kep National Park
ChIJLZf3JwDNCTERJ0H02fFxWTs,ច្រកចូល​គីមហ៊ី​បឹងហ្គាឡូ​កែប​ផ្លូវ​ថ្មី​,attraction,tourist_attraction,Tourist Attraction,,10.4930609,104.3373848,"F8VP+6X, Krong Kaeb, Cambodia",4.1,7,,OPERATIONAL,,https://maps.google.com/?cid=4276574604722716967&g_mp=Cilnb29nbGUubWFwcy5wbGFjZXMudjEuUGxhY2VzLlNlYXJjaE5lYXJieRACGAQgAA,tourist_attraction;point_of_interest;establishment,tourist_attraction,Kep National Park
ChIJrVbrHADNCTERQZRUL-ITr94,I Love Kep Province,attraction,tourist_attraction,Tourist Attraction,,10.479349,104.293549,"17 NR33A, Krong Kaeb, Cambodia",4.3,15,,OPERATIONAL,,https://maps.google.com/?cid=16046065859521975361&g_mp=Cilnb29nbGUubWFwcy5wbGFjZXMudjEuUGxhY2VzLlNlYXJjaE5lYXJieRACGAQgAA,tourist_attraction;point_of_interest;establishment,tourist_attraction,Kep National Park
ChIJ4zyhLwDPCTER0qpnZPAniRg,ផ្លូវបត់មកឆ្នេរអង្កោល,attraction,tourist_attraction,Tourist Attraction,,10.4940648,104.3833552,"1332, Cambodia",4,1,,OPERATIONAL,,https://maps.google.com/?cid=1767988242149780178&g_mp=Cilnb29nbGUubWFwcy5wbGFjZXMudjEuUGxhY2VzLlNlYXJjaE5lYXJieRACGAQgAA,tourist_attraction;point_of_interest;establishment,tourist_attraction,Kep National Park
ChIJQ6KhQwDNCTERlWUR24sjlr0,ឆ្នេរកែប,attraction,tourist_attraction,Tourist Attraction,,10.477965,104.296206,"F7HW+378, Krong Kaeb, Cambodia",5,4,,OPERATIONAL,,https://maps.google.com/?cid=13661145603257755029&g_mp=Cilnb29nbGUubWFwcy5wbGFjZXMudjEuUGxhY2VzLlNlYXJjaE5lYXJieRACGAQgAA,tourist_attraction;point_of_interest;establishment,tourist_attraction,Kep National Park
ChIJlcjd-WjNCTERykJA8WrNQYg,Pantai Kep,attraction,tourist_attraction,Tourist Attraction,,10.4790637,104.2941991,"Kep Beach, Cambodia",4,132,,OPERATIONAL,,https://maps.google.com/?cid=9818354521842139850&g_mp=Cilnb29nbGUubWFwcy5wbGFjZXMudjEuUGxhY2VzLlNlYXJjaE5lYXJieRACGAQgAA,tourist_attraction;point_of_interest;establishment,tourist_attraction,Kep National Park
ChIJWXpAfwDNCTERLCPoT-5KwZA,Kep Mangrove,attraction,tourist_attraction,Tourist Attraction,,10.4859281,104.324992,"Krong Kaeb, Cambodia",3.4,7,,OPERATIONAL,,https://maps.google.com/?cid=10430700599370064684&g_mp=Cilnb29nbGUubWFwcy5wbGFjZXMudjEuUGxhY2VzLlNlYXJjaE5lYXJieRACGAQgAA,tourist_attraction;point_of_interest;establishment,tourist_attraction,Kep National Park
ChIJj7iJFQDTCTERS9LeEDqRMTQ,ឆ្នេរភូហ័រ,attraction,tourist_attraction,Tourist Attraction,,10.429930700000002,104.32257299999999,"C8HF+X2, Krong Kaeb, Cambodia",3.8,4,,OPERATIONAL,,https://maps.google.com/?cid=3760946842408243787&g_mp=Cilnb29nbGUubWFwcy5wbGFjZXMudjEuUGxhY2VzLlNlYXJjaE5lYXJieRACGAQgAA,tourist_attraction;point_of_interest;establishment,tourist_attraction,Kep National Park
ChIJ8bxtebfNCTERYHcJX39lc7Q,"Yacht Club, Kep Cambodia",attraction,tourist_attraction,Tourist Attraction,,10.4846203,104.3232331,"Kept, Street Angdoung, City 220102, Cambodia",5,12,,OPERATIONAL,https://yachtkepparadiseisland.com/,https://maps.google.com/?cid=13002848146878461792&g_mp=Cilnb29nbGUubWFwcy5wbGFjZXMudjEuUGxhY2VzLlNlYXJjaE5lYXJieRACGAQgAA,tourist_attraction;storage;tour_agency;travel_agency;store;point_of_interest;service;establishment,tourist_attraction,Kep National Park
ChIJUWAKxqfNCTERpleapBFyS2U,Confirel Discovery Resort Kep,attraction,tourist_attraction,Tourist Attraction,,10.542047799999999,104.36640369999999,"Pong Tuek, Cambodia",5,10,,OPERATIONAL,https://www.confirel.com/en,https://maps.google.com/?cid=7299053041185609638&g_mp=Cilnb29nbGUubWFwcy5wbGFjZXMudjEuUGxhY2VzLlNlYXJjaE5lYXJieRACGAQgAA,tourist_attraction;point_of_interest;establishment,tourist_attraction,Kep National Park
ChIJLdYbHADNCTER9wfA30AR62o,Queen Mother Sisowath Kossamak Holiday Palace Ruin,cultural,historical_landmark,Historical Landmark,,10.4799813,104.31221130000002,"F8H6+XVW, Krong Kaeb, Cambodia",,,,OPERATIONAL,,https://maps.google.com/?cid=7704270557876848631&g_mp=Cilnb29nbGUubWFwcy5wbGFjZXMudjEuUGxhY2VzLlNlYXJjaE5lYXJieRACGAQgAA,historical_landmark;historical_place;point_of_interest;establishment,historical_landmark,Kep National Park
ChIJo_LHQADNCTER1ac4oozSH3U,ទំនប់ប៉ូហេង Poheng Dam,cultural,historical_landmark,Historical Landmark,,10.5116985,104.3022503,"G862+MWC, Krong Kaeb, Cambodia",5,1,,OPERATIONAL,,https://maps.google.com/?cid=8439695728174475221&g_mp=Cilnb29nbGUubWFwcy5wbGFjZXMudjEuUGxhY2VzLlNlYXJjaE5lYXJieRACGAQgAA,historical_landmark;historical_place;point_of_interest;establishment,historical_landmark,Kep National Park
ChIJT9HFXADNCTERDv-fWmVOaBw,Old Entertainment Building,cultural,historical_landmark,Historical Landmark,,10.4802919,104.2940678,"NR3, Krong Kaeb, Cambodia",,,,OPERATIONAL,,https://maps.google.com/?cid=2046972227858988814&g_mp=Cilnb29nbGUubWFwcy5wbGFjZXMudjEuUGxhY2VzLlNlYXJjaE5lYXJieRACGAQgAA,historical_landmark;historical_place;point_of_interest;establishment,historical_landmark,Kep National Park
ChIJ1ffVJADNCTERUZ7j3L5XkrU,ព្រះរាជដំណាក់,cultural,historical_landmark,Historical Landmark,,10.478684999999999,104.2899004,"F7HQ+FX, Krong Kaeb, Cambodia",3,1,,OPERATIONAL,,https://maps.google.com/?cid=13083616344726019665&g_mp=Cilnb29nbGUubWFwcy5wbGFjZXMudjEuUGxhY2VzLlNlYXJjaE5lYXJieRACGAQgAA,historical_landmark;historical_place;point_of_interest;establishment,historical_landmark,Kep National Park
ChIJ0wpkyEjNCTERvfJz_fCg0Mw,Led Zep View Point,nature,park,Park,walking,10.4901318,104.2961308,"F7RW+3F2, Krong Kaeb, Cambodia",4.6,13,,OPERATIONAL,,https://maps.google.com/?cid=14758472935797945021&g_mp=Cilnb29nbGUubWFwcy5wbGFjZXMudjEuUGxhY2VzLlNlYXJjaE5lYXJieRACGAQgAA,park;point_of_interest;establishment,park,Kep National Park
ChIJLYV38BrTCTERLEoGy66YmvI,Big Beach Koh Tonsay,nature,park,Park,walking,10.4321307,104.32066499999999,"C8JC+V73, Unnamed Road, Krong Kaeb, Cambodia",3.2,13,,OPERATIONAL,,https://maps.google.com/?cid=17481452780089920044&g_mp=Cilnb29nbGUubWFwcy5wbGFjZXMudjEuUGxhY2VzLlNlYXJjaE5lYXJieRACGAQgAA,park;point_of_interest;establishment,park,Kep National Park
ChIJoaoCdyLTCTERp67FrkcEYNE,កោះស្វាយ Mango Island,nature,national_park,National Park,walking,10.4521601,104.3332355,"F82M+V7, Krong Kaeb, Cambodia",5,4,,OPERATIONAL,,https://maps.google.com/?cid=15087063457612541607&g_mp=Cilnb29nbGUubWFwcy5wbGFjZXMudjEuUGxhY2VzLlNlYXJjaE5lYXJieRACGAQgAA,national_park;park;point_of_interest;establishment,park,Kep National Park
ChIJL6HNdJTTCTER2ggVwt2cxvk,Small Beach Koh Tonsay,nature,park,Park,walking,10.4337616,104.3178745,"C8M9+G45, Unnamed Road, Krong Kaeb, Cambodia",5,5,,OPERATIONAL,,https://maps.google.com/?cid=17998245437090629850&g_mp=Cilnb29nbGUubWFwcy5wbGFjZXMudjEuUGxhY2VzLlNlYXJjaE5lYXJieRACGAQgAA,park;point_of_interest;establishment,park,Kep National Park
ChIJN7Vr18bNCTERcLuLZG2bHts,Park,nature,park,Park,walking,10.4767735,104.3029973,"F8G3+P55, Krong Kaeb, Cambodia",4.1,13,,OPERATIONAL,,https://maps.google.com/?cid=15789228237748157296&g_mp=Cilnb29nbGUubWFwcy5wbGFjZXMudjEuUGxhY2VzLlNlYXJjaE5lYXJieRACGAQgAA,park;point_of_interest;establishment,park,Kep National Park
ChIJ9-Vg2TjNCTERiIu1-FtiH8Y,Kep Mountain Lodge,nature,lodging,Lodging,walking,10.4968121,104.30271739999999,"Krong Kaeb, Cambodia",4.4,26,,OPERATIONAL,http://www.kepmountainlodge.com/,https://maps.google.com/?cid=14276237490941954952&g_mp=Cilnb29nbGUubWFwcy5wbGFjZXMudjEuUGxhY2VzLlNlYXJjaE5lYXJieRACGAQgAA,national_park;bar_and_grill;park;lodging;bar;restaurant;food;point_of_interest;establishment,park,Kep National Park
ChIJ7YqjK8nNCTERJobwa8XL4b0,ផ្សាររាត្រីឆ្នេកែប,nature,park,Park,walking,10.484277599999999,104.2886195,"F7MQ+PC9, Krong Kaeb, Cambodia",5,1,,OPERATIONAL,,https://maps.google.com/?cid=13682441191708198438&g_mp=Cilnb29nbGUubWFwcy5wbGFjZXMudjEuUGxhY2VzLlNlYXJjaE5lYXJieRACGAQgAA,park;point_of_interest;establishment,park,Kep National Park
ChIJE52KRADNCTERtXX4AD22YOY,អគារស្នាក់ជ្រោះតាសៀម,nature,national_park,National Park,walking,10.4903075,104.30355949999999,"F8R3+4C, Krong Kaeb, Cambodia",3.5,2,,OPERATIONAL,,https://maps.google.com/?cid=16600468599613191605&g_mp=Cilnb29nbGUubWFwcy5wbGFjZXMudjEuUGxhY2VzLlNlYXJjaE5lYXJieRACGAQgAA,national_park;park;point_of_interest;establishment,park,Kep National Park
ChIJ_27482bTCTERLM6kUFHJ-Lc,ព្រៃឈេីជាតិ​ការពារ​បូរណភាពទឹកដី​ កោះ​ម្ទេស​ National Forest of Koh Motes Island,nature,national_park,National Park,walking,10.4523761,104.3290804,"កោះម្ទេស​, ​សង្កាត់កែប, ក្រុងកែប, ខេត្តកែប, F82H+XJ4, Krong Kaeb, Cambodia",5,1,,OPERATIONAL,,https://maps.google.com/?cid=13256566854247566892&g_mp=Cilnb29nbGUubWFwcy5wbGFjZXMudjEuUGxhY2VzLlNlYXJjaE5lYXJieRACGAQgAA,national_park;park;point_of_interest;establishment,park,Kep National Park
ChIJN1_bNADNCTERWhT2Q-nXN7k,សហគមន៍ នេសាទ ទេសចរណ៍ ខេត្តកែប,nature,park,Park,walking,10.492858499999999,104.3379508,"F8VP+6X, Krong Kaeb, Cambodia",3.3,3,,OPERATIONAL,,https://maps.google.com/?cid=13346373417603306586&g_mp=Cilnb29nbGUubWFwcy5wbGFjZXMudjEuUGxhY2VzLlNlYXJjaE5lYXJieRACGAQgAA,park;point_of_interest;establishment,park,Kep National Park
ChIJ38vNRwDNCTERkCsD5pXLIVI,ចំការដូង Sopheak SP,nature,park,Park,walking,10.518602,104.3403048,"G89R+C4, Krong Kaeb, Cambodia",4,1,,OPERATIONAL,,https://maps.google.com/?cid=5918235230011075472&g_mp=Cilnb29nbGUubWFwcy5wbGFjZXMudjEuUGxhY2VzLlNlYXJjaE5lYXJieRACGAQgAA,park;point_of_interest;establishment,park,Kep National Park
ChIJZ1PcjlrNCTERMB7jBW7bYIg,Pagoda,cultural,place_of_worship,Place of Worship,sightseeing,10.4816589,104.2986399,"F7JX+MF6, Krong Kaeb, Cambodia",3.5,12,,OPERATIONAL,,https://maps.google.com/?cid=9827095652514078256&g_mp=Cilnb29nbGUubWFwcy5wbGFjZXMudjEuUGxhY2VzLlNlYXJjaE5lYXJieRACGAQgAA,buddhist_temple;place_of_worship;association_or_organization;point_of_interest;establishment,buddhist_temple,Kep National Park
ChIJmwQUmqzMCTERtHZL8wheU2k,Wat Chakriyavong,cultural,buddhist_temple,Buddhist Temple,sightseeing,10.5550371,104.2879987,"Pagoda & School, 33, Krong Kaeb, Cambodia",4.3,12,,OPERATIONAL,,https://maps.google.com/?cid=7589513189583976116&g_mp=Cilnb29nbGUubWFwcy5wbGFjZXMudjEuUGxhY2VzLlNlYXJjaE5lYXJieRACGAQgAA,buddhist_temple;place_of_worship;association_or_organization;point_of_interest;establishment,buddhist_temple,Kep National Park
ChIJWfvsqZTMCTERHJr8pne2GrE,Phnom Pruos,cultural,buddhist_temple,Buddhist Temple,sightseeing,10.5374623,104.31505419999999,"G8P8+X2M, Krong Kaeb, Cambodia",4.4,11,,OPERATIONAL,,https://maps.google.com/?cid=12761713119126657564&g_mp=Cilnb29nbGUubWFwcy5wbGFjZXMudjEuUGxhY2VzLlNlYXJjaE5lYXJieRACGAQgAA,buddhist_temple;place_of_worship;association_or_organization;point_of_interest;establishment,buddhist_temple,Kep National Park
ChIJrYEfXBLLCTERZHmB5wVp9Tw,Wat Satha Reachea Ang Prey Thom,cultural,buddhist_temple,Buddhist Temple,sightseeing,10.5661522,104.31512699999999,"H888+F36, Unnamed Road, ក្រុងកែប, Cambodia",,,,OPERATIONAL,,https://maps.google.com/?cid=4392532485649561956&g_mp=Cilnb29nbGUubWFwcy5wbGFjZXMudjEuUGxhY2VzLlNlYXJjaE5lYXJieRACGAQgAA,buddhist_temple;place_of_worship;association_or_organization;point_of_interest;establishment,buddhist_temple,Kep National Park
ChIJw7Fv0l3NCTER5yWVheC8O0Q,ព្រះវិហារមជ្ឈមណ្ឌលវិបស្សនាធុរៈក្រុងកែប,cultural,buddhist_temple,Buddhist Temple,sightseeing,10.5000968,104.31372390000001,"G827+2G7, Krong Kaeb, Cambodia",,,,OPERATIONAL,http://www.kepvipassana.com/,https://maps.google.com/?cid=4916731090704868839&g_mp=Cilnb29nbGUubWFwcy5wbGFjZXMudjEuUGxhY2VzLlNlYXJjaE5lYXJieRACGAQgAA,buddhist_temple;place_of_worship;association_or_organization;point_of_interest;establishment,buddhist_temple,Kep National Park
ChIJ____m6zMCTERLhUk2H1iML8,Pagoda & School,cultural,buddhist_temple,Buddhist Temple,sightseeing,10.5553165,104.28792899999999,"33, Cambodia",,,,OPERATIONAL,,https://maps.google.com/?cid=13776619552763024686&g_mp=Cilnb29nbGUubWFwcy5wbGFjZXMudjEuUGxhY2VzLlNlYXJjaE5lYXJieRACGAQgAA,buddhist_temple;place_of_worship;association_or_organization;point_of_interest;establishment,buddhist_temple,Kep National Park
ChIJC3CKjpjTCTERYVTqfhAGkbk,Tourist Attraction of Koh Svay Prei Island,attraction,tourist_attraction,Tourist Attraction,,10.4040087,104.3317586,"កោះ​ស្វាយព្រៃ, ​សង្កាត់កែប, ក្រុងកែប, ខេត្តកែប, C83J+JP2, Krong Kaeb, Cambodia",4.4,9,,OPERATIONAL,https://www.tourismcambodia.org/,https://maps.google.com/?cid=13371475436558242913&g_mp=Cilnb29nbGUubWFwcy5wbGFjZXMudjEuUGxhY2VzLlNlYXJjaE5lYXJieRACGAQgAA,tourist_attraction;point_of_interest;establishment,tourist_attraction,Rabbit Island / Koh Tonsay
ChIJFWxm4ffTCTER7kvtDueZs94,ទេសចរណ៍​ធម្មជាតិ​ កោះ​ទន្សាយ​,attraction,tourist_attraction,Tourist Attraction,,10.4361192,104.3198663,"ភូមិកោះទន្សាយ, ​សង្កាត់កែប, ក្រុងកែប, ខេត្តកែប, C8P9+CWX, Krong Kaeb, Cambodia",3.9,11,,OPERATIONAL,,https://maps.google.com/?cid=16047339114918136814&g_mp=Cilnb29nbGUubWFwcy5wbGFjZXMudjEuUGxhY2VzLlNlYXJjaE5lYXJieRACGAQgAA,tourist_attraction;point_of_interest;establishment,tourist_attraction,Rabbit Island / Koh Tonsay
ChIJMcXVRsXNCTERwxErwysYAdQ,Beautiful Bays Statue (Kep),attraction,tourist_attraction,Tourist Attraction,,10.480388,104.315085,"F8J7+3XM, Krong Kaeb, Cambodia",4.2,10,,OPERATIONAL,,https://maps.google.com/?cid=15276517987254473155&g_mp=Cilnb29nbGUubWFwcy5wbGFjZXMudjEuUGxhY2VzLlNlYXJjaE5lYXJieRACGAQgAA,tourist_attraction;point_of_interest;establishment,tourist_attraction,Rabbit Island / Koh Tonsay
ChIJwcSELADNCTERSlMLtkAd750,ទូកស្ទូចត្រីនៅកែប -Fishing Kep,attraction,tourist_attraction,Tourist Attraction,,10.4775628,104.31602509999999,"F8H8+2C, Krong Kaeb, Cambodia",3,2,,OPERATIONAL,,https://maps.google.com/?cid=11380346947157840714&g_mp=Cilnb29nbGUubWFwcy5wbGFjZXMudjEuUGxhY2VzLlNlYXJjaE5lYXJieRACGAQgAA,tourist_attraction;point_of_interest;establishment,tourist_attraction,Rabbit Island / Koh Tonsay
ChIJXV8IzOHRCTERphuNFwcqB7A,Taseam Homestay,attraction,tourist_attraction,Tourist Attraction,,10.4591464,104.4053252,"Plov Lom Kep, City 12352, Cambodia",5,1,,OPERATIONAL,,https://maps.google.com/?cid=12684153085460552614&g_mp=Cilnb29nbGUubWFwcy5wbGFjZXMudjEuUGxhY2VzLlNlYXJjaE5lYXJieRACGAQgAA,tourist_attraction;point_of_interest;establishment,tourist_attraction,Rabbit Island / Koh Tonsay
ChIJGbtq-u7TCTERct2tu83goCw,ទេសចរណ៍​ធម្មជាតិ​ កោះ​ទន្សាយ​,attraction,tourist_attraction,Tourist Attraction,,10.4445377,104.322461,"ភូមិកោះទន្សាយ, ​សង្កាត់កែប, ក្រុងកែប, ខេត្តកែប, C8VC+RX8, Krong Kaeb, Cambodia",3.4,8,,OPERATIONAL,,https://maps.google.com/?cid=3215817308164185458&g_mp=Cilnb29nbGUubWFwcy5wbGFjZXMudjEuUGxhY2VzLlNlYXJjaE5lYXJieRACGAQgAA,tourist_attraction;point_of_interest;establishment,tourist_attraction,Rabbit Island / Koh Tonsay
ChIJ84a2jKXPCTERrQRppe88qEs,ដី កែប (អុក ត្រេវ),attraction,tourist_attraction,Tourist Attraction,,10.488197,104.41104399999999,"FCQ6+7C, Krong Kaeb, Cambodia",,,,OPERATIONAL,,https://maps.google.com/?cid=5451674348901958829&g_mp=Cilnb29nbGUubWFwcy5wbGFjZXMudjEuUGxhY2VzLlNlYXJjaE5lYXJieRACGAQgAA,tourist_attraction;point_of_interest;establishment,tourist_attraction,Rabbit Island / Koh Tonsay
ChIJwT7eeuHTCTERrsvG4-QzG5o,Sunset View Rabbit Island,attraction,tourist_attraction,Tourist Attraction,,10.4362352,104.3188049,"ភូមិកោះទន្សាយ, ​សង្កាត់កែប, ក្រុងកែប, ខេត្តកែប, C8P9+CWX, Krong Kaeb, Cambodia",4.7,3,,OPERATIONAL,,https://maps.google.com/?cid=11104526364379106222&g_mp=Cilnb29nbGUubWFwcy5wbGFjZXMudjEuUGxhY2VzLlNlYXJjaE5lYXJieRACGAQgAA,tourist_attraction;point_of_interest;establishment,tourist_attraction,Rabbit Island / Koh Tonsay
ChIJYxHAcADTCTER71DTXQ1eoN0,Eva's Beach,attraction,tourist_attraction,Tourist Attraction,,10.4370543,104.3205845,"C8PC+V96, កោះទន្សាយ, Krong Kaeb, Cambodia",3,1,,OPERATIONAL,,https://maps.google.com/?cid=15969867690157494511&g_mp=Cilnb29nbGUubWFwcy5wbGFjZXMudjEuUGxhY2VzLlNlYXJjaE5lYXJieRACGAQgAA,tourist_attraction;point_of_interest;establishment,tourist_attraction,Rabbit Island / Koh Tonsay
ChIJl4E6TQDTCTER1AoSESp_Xcg,Sunset Spot,attraction,tourist_attraction,Tourist Attraction,,10.4426293,104.3212044,"C8VC+3F, Krong Kaeb, Cambodia",,,,OPERATIONAL,,https://maps.google.com/?cid=14437835799071427284&g_mp=Cilnb29nbGUubWFwcy5wbGFjZXMudjEuUGxhY2VzLlNlYXJjaE5lYXJieRACGAQgAA,tourist_attraction;point_of_interest;establishment,tourist_attraction,Rabbit Island / Koh Tonsay
ChIJXUSAbwDRCTERFg6aON3DCh4,រាន្តហាល បោះតង់ សម្រាប់សហគមន៍នេសាទ កោះគ្រិះស្នា,attraction,tourist_attraction,Tourist Attraction,,10.4403153,104.4264828,"CCRG+4H, Krong Kaeb, Cambodia",1,2,,OPERATIONAL,,https://maps.google.com/?cid=2164757925809753622&g_mp=Cilnb29nbGUubWFwcy5wbGFjZXMudjEuUGxhY2VzLlNlYXJjaE5lYXJieRACGAQgAA,tourist_attraction;point_of_interest;establishment,tourist_attraction,Rabbit Island / Koh Tonsay
ChIJu21idADTCTERHxoJSCCbjuE,Koh Hall Terrey,nature,national_park,National Park,walking,10.406036499999999,104.33664050000002,"Cambodia, Krong Kaeb, C84P+CM6",5,4,,OPERATIONAL,,https://maps.google.com/?cid=16253098668176513567&g_mp=Cilnb29nbGUubWFwcy5wbGFjZXMudjEuUGxhY2VzLlNlYXJjaE5lYXJieRACGAQgAA,national_park;park;point_of_interest;establishment,park,Rabbit Island / Koh Tonsay
ChIJHb4aMUzPCTEREkmiphqYzhE,fishing,nature,park,Park,walking,10.4748118,104.4282334,"FCFH+W7H, Cambodia",,,,OPERATIONAL,,https://maps.google.com/?cid=1283130184079395090&g_mp=Cilnb29nbGUubWFwcy5wbGFjZXMudjEuUGxhY2VzLlNlYXJjaE5lYXJieRACGAQgAA,park;point_of_interest;establishment,park,Rabbit Island / Koh Tonsay
ChIJo5HRcADNCTERPXTyPDudMHI,ដីព្រែកតានែន,nature,park,Park,walking,10.495586,104.366317,"F9W8+6G, Krong Kaeb, Cambodia",,,,OPERATIONAL,,https://maps.google.com/?cid=8228249396957049917&g_mp=Cilnb29nbGUubWFwcy5wbGFjZXMudjEuUGxhY2VzLlNlYXJjaE5lYXJieRACGAQgAA,park;point_of_interest;establishment,park,Rabbit Island / Koh Tonsay
ChIJ57uSFczTCTER1CYQNtk5eEY,ព្រៃឈើ​ជាតិ​ កោះ​ស្វាយព្រៃ​,nature,national_park,National Park,walking,10.403891699999999,104.33183129999999,"កោះស្វាយព្រៃ​​, ​សង្កាត់កែប, ក្រុងកែប, ខេត្តកែប, C83J+HP4, Krong Kaeb, Cambodia",5,1,,OPERATIONAL,,https://maps.google.com/?cid=5077872184937948884&g_mp=Cilnb29nbGUubWFwcy5wbGFjZXMudjEuUGxhY2VzLlNlYXJjaE5lYXJieRACGAQgAA,national_park;park;point_of_interest;establishment,park,Rabbit Island / Koh Tonsay
