google_place_id,name,category,primary_type,primary_type_name,activities,activity_type,lat,lon,address,rating,rating_count,price_level,business_status,website,google_maps_url,all_types,found_via_category,found_via_cell
ChIJ0_pYjzRRCTER9VN-OjJcFUM,Hotel Cambodiana,coffee,hotel,Hotel,coffee,coffee,11.559856499999999,104.93616329999999,"313 Preah Sisowath Quay Phnom Penh, Phnom Penh 12206, Cambodia",4.2,2043,,OPERATIONAL,http://hotelcambodiana.com.kh/,https://maps.google.com/?cid=4833871145851573237&g_mp=Cilnb29nbGUubWFwcy5wbGFjZXMudjEuUGxhY2VzLlNlYXJjaE5lYXJieRACGAQgAA,hotel;coffee_shop;cafe;bakery;food_store;store;bar;event_venue;lodging;service;restaurant;food;point_of_interest;establishment,coffee_shop,Daun Penh / Riverside
ChIJof-GJSVRCTERM6fHgiy-UkA,BROWN Roastery | BKK,coffee,coffee_shop,Coffee Shop,coffee,coffee,11.553286499999999,104.92483569999999,"st 57 cornered, Oknha Chrun You Hak St. (294), Phnom Penh, Cambodia",4.3,1654,PRICE_LEVEL_MODERATE,OPERATIONAL,https://www.browncoffee.com.kh/,https://maps.google.com/?cid=4634976064899622707&g_mp=Cilnb29nbGUubWFwcy5wbGFjZXMudjEuUGxhY2VzLlNlYXJjaE5lYXJieRACGAQgAA,coffee_shop;cafe;food_store;store;food;point_of_interest;establishment,coffee_shop,Daun Penh / Riverside
ChIJLf_FpTtRCTER3vaTW8rQfQQ,Wild Phnom Penh,coffee,restaurant,Restaurant,coffee,coffee,11.551248,104.9297591,"13Y St 830, Phnom Penh, Cambodia",4.8,924,PRICE_LEVEL_MODERATE,OPERATIONAL,https://wild-restaurants.com/,https://maps.google.com/?cid=323644315778938590&g_mp=Cilnb29nbGUubWFwcy5wbGFjZXMudjEuUGxhY2VzLlNlYXJjaE5lYXJieRACGAQgAA,restaurant;cocktail_bar;coffee_shop;cafe;food_store;store;bar;tapas_restaurant;food;point_of_interest;establishment,coffee_shop,Daun Penh / Riverside
ChIJc3vs1CdRCTERCorvkxDJcR0,Temple Coffee St51,coffee,coffee_shop,Coffee Shop,coffee,coffee,11.5537648,104.9262959,"HW3G+GG3, Street 51, Phnom Penh 12200, Cambodia",4.2,832,,OPERATIONAL,,https://maps.google.com/?cid=2121697972506823178&g_mp=Cilnb29nbGUubWFwcy5wbGFjZXMudjEuUGxhY2VzLlNlYXJjaE5lYXJieRACGAQgAA,coffee_shop;cafe;food_store;store;food;point_of_interest;establishment,coffee_shop,Daun Penh / Riverside
ChIJdcbo5WtRCTERI2v9x1bf1L4,Tube coffee,coffee,coffee_shop,Coffee Shop,coffee,coffee,11.5710296,104.91094129999999,"Str. Russian Federation, HWC6+C98, Phnom Penh 12301, Cambodia",4.2,440,PRICE_LEVEL_INEXPENSIVE,OPERATIONAL,,https://maps.google.com/?cid=13750861126084422435&g_mp=Cilnb29nbGUubWFwcy5wbGFjZXMudjEuUGxhY2VzLlNlYXJjaE5lYXJieRACGAQgAA,coffee_shop;cafe;food_store;store;food;point_of_interest;establishment,coffee_shop,Daun Penh / Riverside
ChIJo2qGBQBRCTERQv3cecyUnig,7 CAFÉ,coffee,coffee_shop,Coffee Shop,coffee,coffee,11.555854,104.9121048,"313 Preah Sihanouk Blvd (274), Phnom Penh, Cambodia",4.3,130,,OPERATIONAL,,https://maps.google.com/?cid=2926940413776166210&g_mp=Cilnb29nbGUubWFwcy5wbGFjZXMudjEuUGxhY2VzLlNlYXJjaE5lYXJieRACGAQgAA,coffee_shop;cafe;food_store;store;food;point_of_interest;establishment,coffee_shop,Daun Penh / Riverside
ChIJ2XOQLSVRCTERh6YkcVItUw4,Starbucks,coffee,coffee_shop,Coffee Shop,coffee,coffee,11.5538897,104.92496360000001,"14, street 57, & St 288, Phnom Penh, Cambodia",4.3,1601,PRICE_LEVEL_MODERATE,OPERATIONAL,https://www.starbucks.com.kh/,https://maps.google.com/?cid=1032218571706771079&g_mp=Cilnb29nbGUubWFwcy5wbGFjZXMudjEuUGxhY2VzLlNlYXJjaE5lYXJieRACGAQgAA,coffee_shop;cafe;food_store;store;food;point_of_interest;establishment,coffee_shop,Daun Penh / Riverside
ChIJDW1JtslRCTERgqjUURfXJZA,TUBE Coffee Riverside,coffee,coffee_shop,Coffee Shop,coffee,coffee,11.5663735,104.931805,"385 Preah Sisowath Quay, Phnom Penh, Cambodia",4.7,2274,,OPERATIONAL,,https://maps.google.com/?cid=10386944610757027970&g_mp=Cilnb29nbGUubWFwcy5wbGFjZXMudjEuUGxhY2VzLlNlYXJjaE5lYXJieRACGAQgAA,coffee_shop;cafe;food_store;store;food;point_of_interest;establishment,coffee_shop,Daun Penh / Riverside
ChIJf9hpWG1RCTERWTBlmJ8c41Y,"Toto by Chi Chi ~ coffee, matcha & treats (BKK1) ☁️✨",coffee,coffee_shop,Coffee Shop,coffee,coffee,11.551280199999999,104.9223478,"55 St 310, Phnom Penh, Cambodia",4.6,359,,OPERATIONAL,https://www.facebook.com/totobychichi,https://maps.google.com/?cid=6260879378757267545&g_mp=Cilnb29nbGUubWFwcy5wbGFjZXMudjEuUGxhY2VzLlNlYXJjaE5lYXJieRACGAQgAA,coffee_shop;cafe;food_store;store;food;point_of_interest;establishment,coffee_shop,Daun Penh / Riverside
ChIJAQeDtBhRCTER8mEK7eFmQ8Y,Cambodia Bagels - Street 13,coffee,bagel_shop,Bagel Shop,coffee,coffee,11.5670406,104.9292514,"162 st 13, Phnom Penh, Cambodia",4.5,419,,OPERATIONAL,http://www.cambodiabagels.com/,https://maps.google.com/?cid=14286375563479900658&g_mp=Cilnb29nbGUubWFwcy5wbGFjZXMudjEuUGxhY2VzLlNlYXJjaE5lYXJieRACGAQgAA,bagel_shop;brunch_restaurant;sandwich_shop;coffee_shop;breakfast_restaurant;cafe;bakery;meal_takeaway;food_store;store;restaurant;food;point_of_interest;establishment,coffee_shop,Daun Penh / Riverside
ChIJm3a4tUhRCTER6INXS3wnACE,MOODY Coffee,coffee,coffee_shop,Coffee Shop,coffee,coffee,11.5549615,104.9159648,"House 52 St 143, Phnom Penh 12303, Cambodia",4.5,40,,OPERATIONAL,,https://maps.google.com/?cid=2377944018045076456&g_mp=Cilnb29nbGUubWFwcy5wbGFjZXMudjEuUGxhY2VzLlNlYXJjaE5lYXJieRACGAQgAA,coffee_shop;cafe;food_store;store;food;point_of_interest;establishment,coffee_shop,Daun Penh / Riverside
ChIJ_R_SDANRCTER_P91TfmUOkk,BP Premium Coffee (BKK),coffee,coffee_shop,Coffee Shop,coffee,coffee,11.5483435,104.9226387,"No. 35, Street 360, Phum 1, Commune, Phnom Penh, Cambodia",4.3,81,,OPERATIONAL,,https://maps.google.com/?cid=5276693711885303804&g_mp=Cilnb29nbGUubWFwcy5wbGFjZXMudjEuUGxhY2VzLlNlYXJjaE5lYXJieRACGAQgAA,coffee_shop;cafe;food_store;store;food;point_of_interest;establishment,coffee_shop,Daun Penh / Riverside
ChIJ5aVXKBZRCTERnK7rzdZMNrg,Rosemary Bakery Cafe,coffee,cafe,Cafe,coffee,coffee,11.5580575,104.9250436,"16AE0 Oknha Pich St. (242), Phnom Penh 12207, Cambodia",4.4,118,,OPERATIONAL,https://www.instagram.com/rosemarybakerycafe/,https://maps.google.com/?cid=13273881437182602908&g_mp=Cilnb29nbGUubWFwcy5wbGFjZXMudjEuUGxhY2VzLlNlYXJjaE5lYXJieRACGAQgAA,cafe;brunch_restaurant;pastry_shop;sandwich_shop;coffee_shop;dessert_shop;confectionery;bakery;food_store;store;restaurant;food;point_of_interest;establishment,coffee_shop,Daun Penh / Riverside
ChIJlytkTEVRCTERk22zMq748Kg,Brown | Riverside,coffee,coffee_shop,Coffee Shop,coffee,coffee,11.576093499999999,104.9260889,"House 1Eo Preah Sisowath Quay Phnom Penh, Phnom Penh 12202, Cambodia",4.3,984,PRICE_LEVEL_MODERATE,OPERATIONAL,http://www.browncoffee.com.kh/,https://maps.google.com/?cid=12173503219841068435&g_mp=Cilnb29nbGUubWFwcy5wbGFjZXMudjEuUGxhY2VzLlNlYXJjaE5lYXJieRACGAQgAA,coffee_shop;cafe;food_store;store;food;point_of_interest;establishment,coffee_shop,Daun Penh / Riverside
ChIJ1dr_OjpRCTERUNVr80-_lKo,White Mansion Boutique Hotel,coffee,hotel,Hotel,coffee,coffee,11.5587059,104.9248044,"26, St. 240, Corner Street 51, Phnom Penh 12207, Cambodia",4.6,446,,OPERATIONAL,http://www.whitemansion.asia/,https://maps.google.com/?cid=12291659633108178256&g_mp=Cilnb29nbGUubWFwcy5wbGFjZXMudjEuUGxhY2VzLlNlYXJjaE5lYXJieRACGAQgAA,hotel;coffee_shop;spa;cafe;food_store;store;bar;lodging;restaurant;food;point_of_interest;establishment,coffee_shop,Daun Penh / Riverside
ChIJ1QdQTABRCTERq9_Z8JJNXmc,Sip House - Matcha & Coffee (Independence Monument),coffee,coffee_shop,Coffee Shop,coffee,coffee,11.555212100000002,104.92872609999999,"1st floor, 277 Norodom Blvd, Phnom Penh, Cambodia",4.6,82,,OPERATIONAL,,https://maps.google.com/?cid=7448476127218753451&g_mp=Cilnb29nbGUubWFwcy5wbGFjZXMudjEuUGxhY2VzLlNlYXJjaE5lYXJieRACGAQgAA,coffee_shop;cafe;food_store;store;food;point_of_interest;establishment,coffee_shop,Daun Penh / Riverside
ChIJv9l1LA1RCTER26yiBYUCJ38,BROWN Roastery | Pasteur,coffee,coffee_shop,Coffee Shop,coffee,coffee,11.5547711,104.9264798,"#20, Street Pasteur (51), Sangkat Tonle Bassac, Khan Chamkarmon Phnom Penh, Phnom Penh 12301, Cambodia",4.4,575,PRICE_LEVEL_MODERATE,OPERATIONAL,https://www.browncoffee.com.kh/,https://maps.google.com/?cid=9162294737257016539&g_mp=Cilnb29nbGUubWFwcy5wbGFjZXMudjEuUGxhY2VzLlNlYXJjaE5lYXJieRACGAQgAA,coffee_shop;cafe;food_store;store;food;point_of_interest;establishment,coffee_shop,Daun Penh / Riverside
ChIJd5pB8DtRCTERr6j2UGNcMZQ,Coffee Bridge 24H BKK,coffee,coffee_shop,Coffee Shop,coffee,coffee,11.546298600000002,104.92466180000001,"St 392, Phnom Penh, Cambodia",4.3,203,,OPERATIONAL,https://www.facebook.com/cafe24hour/,https://maps.google.com/?cid=10678417773102016687&g_mp=Cilnb29nbGUubWFwcy5wbGFjZXMudjEuUGxhY2VzLlNlYXJjaE5lYXJieRACGAQgAA,coffee_shop;cafe;food_store;store;food;point_of_interest;establishment,coffee_shop,Daun Penh / Riverside
ChIJqx1RRgBRCTERxyPaxG4RN4Y,Gather Grounds Coffee and Eatery Riverside,coffee,coffee_shop,Coffee Shop,coffee,coffee,11.5820823,104.92130270000001,"HWJC+RGM, Phnom Penh, Cambodia",4.6,124,,OPERATIONAL,,https://maps.google.com/?cid=9671217892248134599&g_mp=Cilnb29nbGUubWFwcy5wbGFjZXMudjEuUGxhY2VzLlNlYXJjaE5lYXJieRACGAQgAA,coffee_shop;cafe;food_store;store;food;point_of_interest;establishment,coffee_shop,Daun Penh / Riverside
ChIJ2WGe4UdRCTERi2CkQO_fjaI,Pu Rock Cafe,coffee,cafe,Cafe,coffee,coffee,11.557677799999999,104.92306169999999,"128Eo, Street 242, just off, Street 63, Phnom Penh 12000, Cambodia",4.9,914,PRICE_LEVEL_INEXPENSIVE,OPERATIONAL,https://www.facebook.com/alwaysfeelhungry?mibextid=LQQJ4d,https://maps.google.com/?cid=11713264424535220363&g_mp=Cilnb29nbGUubWFwcy5wbGFjZXMudjEuUGxhY2VzLlNlYXJjaE5lYXJieRACGAQgAA,cafe;brunch_restaurant;vegan_restaurant;vegetarian_restaurant;coffee_shop;food_store;store;restaurant;food;point_of_interest;establishment,coffee_shop,Daun Penh / Riverside
ChIJoWGwKDpRCTERJfgfl_1Laaw,Khéma Restaurant - Pasteur,coffee,french_restaurant,French Restaurant,coffee,coffee,11.5594679,104.92491419999999,"Corner of Street 228 & Street 51 Phnom Penh, 163 Street 51, Phnom Penh 12211, Cambodia",4.5,1586,PRICE_LEVEL_EXPENSIVE,OPERATIONAL,https://khema.thalias.com.kh/,https://maps.google.com/?cid=12423544599612487717&g_mp=Cilnb29nbGUubWFwcy5wbGFjZXMudjEuUGxhY2VzLlNlYXJjaE5lYXJieRACGAQgAA,french_restaurant;pastry_shop;liquor_store;dessert_shop;deli;cafe;confectionery;bakery;food_store;store;restaurant;food;point_of_interest;establishment,cafe,Daun Penh / Riverside
ChIJb1E4ODRRCTERJ8aZBoIoUbg,Backyard Cafe,coffee,restaurant,Restaurant,coffee,coffee,11.5606736,104.9301259,"Street 240, House, 32E, Phnom Penh, Cambodia",4.5,1051,PRICE_LEVEL_MODERATE,OPERATIONAL,https://backyardeats.com/,https://maps.google.com/?cid=13281441315013903911&g_mp=Cilnb29nbGUubWFwcy5wbGFjZXMudjEuUGxhY2VzLlNlYXJjaE5lYXJieRACGAQgAA,vegan_restaurant;health_food_store;catering_service;juice_shop;vegetarian_restaurant;food_delivery;dessert_shop;cafe;confectionery;food_store;store;health;service;restaurant;food;point_of_interest;establishment,cafe,Daun Penh / Riverside
ChIJrxz0CatTCTER9sCFK7iIgwk,BoBo Cafe,coffee,cafe,Cafe,coffee,coffee,11.589858999999999,104.92902939999999,"6A PhnomPenh, ChroyChangVa 121001, Cambodia",4.5,177,,OPERATIONAL,,https://maps.google.com/?cid=685541892875993334&g_mp=Cilnb29nbGUubWFwcy5wbGFjZXMudjEuUGxhY2VzLlNlYXJjaE5lYXJieRACGAQgAA,cafe;food;point_of_interest;establishment,cafe,Daun Penh / Riverside
ChIJ2XlXA_FRCTERfSMSqDl8OsE,Paris Baguette - BKK1,coffee,bakery,Bakery,coffee,coffee,11.5521779,104.9282881,"#3, St. 310, BKK1 Phnom Penh, Phnom Penh 12000, Cambodia",4.4,618,,OPERATIONAL,https://www.facebook.com/Parisbaguettekh,https://maps.google.com/?cid=13923577785044050813&g_mp=Cilnb29nbGUubWFwcy5wbGFjZXMudjEuUGxhY2VzLlNlYXJjaE5lYXJieRACGAQgAA,bakery;deli;cafe;food_store;store;food;point_of_interest;establishment,cafe,Daun Penh / Riverside
ChIJT-Prg7pRCTERkmWPt_a5_t0,Kaifun BKK,coffee,cafe,Cafe,coffee,coffee,11.554332299999999,104.9259745,"39 St 288, Phnom Penh 12300, Cambodia",4.3,321,,OPERATIONAL,https://www.facebook.com/KaifunCambodia/,https://maps.google.com/?cid=15996427395759302034&g_mp=Cilnb29nbGUubWFwcy5wbGFjZXMudjEuUGxhY2VzLlNlYXJjaE5lYXJieRACGAQgAA,cafe;restaurant;food;point_of_interest;establishment,cafe,Daun Penh / Riverside
ChIJ26pTuCVRCTERNIbmdDHJ2kw,Kaifun St.334,coffee,cafe,Cafe,coffee,coffee,11.5501895,104.9250065,"25 St 334, Phnom Penh 12302, Cambodia",4.3,491,PRICE_LEVEL_INEXPENSIVE,OPERATIONAL,https://www.facebook.com/KaifunCambodia/,https://maps.google.com/?cid=5537959906057291316&g_mp=Cilnb29nbGUubWFwcy5wbGFjZXMudjEuUGxhY2VzLlNlYXJjaE5lYXJieRACGAQgAA,cafe;restaurant;food;point_of_interest;establishment,cafe,Daun Penh / Riverside
ChIJn5sZTTdRCTER7Tka0eVrtRU,Enso Cafe,coffee,cafe,Cafe,coffee,coffee,11.559666,104.92796539999999,"50B Oknha Chhun St. (240), Phnom Penh 12207, Cambodia",4.5,751,PRICE_LEVEL_MODERATE,OPERATIONAL,http://enso-cafe.com/,https://maps.google.com/?cid=1564275080380955117&g_mp=Cilnb29nbGUubWFwcy5wbGFjZXMudjEuUGxhY2VzLlNlYXJjaE5lYXJieRACGAQgAA,cafe;breakfast_restaurant;restaurant;food;point_of_interest;establishment,cafe,Daun Penh / Riverside
ChIJCY26CqRRCTERwUqtMCPifvU,Siso Bakery,coffee,bakery,Bakery,coffee,coffee,11.548593499999999,104.9135609,"St 350, Phnom Penh, Cambodia",4.8,1241,,OPERATIONAL,https://www.facebook.com/profile.php?id=100086380850872&mibextid=kFxxJD,https://maps.google.com/?cid=17689825027126282945&g_mp=Cilnb29nbGUubWFwcy5wbGFjZXMudjEuUGxhY2VzLlNlYXJjaE5lYXJieRACGAQgAA,bakery;pastry_shop;cake_shop;coffee_shop;dessert_shop;cafe;confectionery;wholesaler;food_store;store;manufacturer;food;point_of_interest;establishment,coffee_shop,Chamkarmon / BKK
ChIJZzBsfiRRCTEReRK8uTeKz1k,Cā Feve Coffee & Eatery,coffee,cafe,Cafe,coffee,coffee,11.542496900000002,104.91742479999999,"St 123, Phnom Penh 120110, Cambodia",4.1,71,,OPERATIONAL,,https://maps.google.com/?cid=6471543161498636921&g_mp=Cilnb29nbGUubWFwcy5wbGFjZXMudjEuUGxhY2VzLlNlYXJjaE5lYXJieRACGAQgAA,cafe;coffee_shop;food_store;store;food;point_of_interest;establishment,coffee_shop,Chamkarmon / BKK
ChIJH-w9XwBRCTERezOaCO8xwYg,BROWN Coffee | Mao Tse Toung,coffee,coffee_shop,Coffee Shop,coffee,coffee,11.544175,104.913518,"Mao Tse Toung Blvd (245), Phnom Penh, Cambodia",4.6,179,,OPERATIONAL,,https://maps.google.com/?cid=9854212362374624123&g_mp=Cilnb29nbGUubWFwcy5wbGFjZXMudjEuUGxhY2VzLlNlYXJjaE5lYXJieRACGAQgAA,coffee_shop;cafe;food_store;store;food;point_of_interest;establishment,coffee_shop,Chamkarmon / BKK
ChIJtfIeBR5RCTERJk96o_UpLXE,Chan Reas Cafe Shop/ កាហ្វេច័ន្ទរះ/Eela ដុតនំពងមាន់/អុីឡាដុតនំ,coffee,coffee_shop,Coffee Shop,coffee,coffee,11.5445987,104.9101853,"163 St 402, Phnom Penh, Cambodia",3.9,41,,OPERATIONAL,,https://maps.google.com/?cid=8155220635224264486&g_mp=Cilnb29nbGUubWFwcy5wbGFjZXMudjEuUGxhY2VzLlNlYXJjaE5lYXJieRACGAQgAA,coffee_shop;cafe;bakery;food_store;store;food;point_of_interest;establishment,coffee_shop,Chamkarmon / BKK
ChIJBbgetb5RCTERpyo6pkNdetg,ថ្ម១ដុំcafè,coffee,coffee_shop,Coffee Shop,coffee,coffee,11.5494272,104.91616859999999,"St 143, Phnom Penh 12304, Cambodia",4.2,57,,OPERATIONAL,,https://maps.google.com/?cid=15598882804484156071&g_mp=Cilnb29nbGUubWFwcy5wbGFjZXMudjEuUGxhY2VzLlNlYXJjaE5lYXJieRACGAQgAA,coffee_shop;cafe;food_store;store;food;point_of_interest;establishment,coffee_shop,Chamkarmon / BKK
ChIJKX_QLsVRCTERntLU6Huag0E,BROWN Roastery | 271,coffee,coffee_shop,Coffee Shop,coffee,coffee,11.5375932,104.9103489,"240 (Ground Floor, GWQ6+254, Street 271, Phnom Penh, Cambodia",4.4,296,,OPERATIONAL,https://www.browncoffee.com.kh/,https://maps.google.com/?cid=4720786691392328350&g_mp=Cilnb29nbGUubWFwcy5wbGFjZXMudjEuUGxhY2VzLlNlYXJjaE5lYXJieRACGAQgAA,coffee_shop;cafe;food_store;store;food;point_of_interest;establishment,coffee_shop,Chamkarmon / BKK
ChIJ5dApDmpRCTERUXu2JGS33DQ,Panda Cybercafe,coffee,internet_cafe,Internet Cafe,coffee,coffee,11.5428953,104.92149619999999,"N02 St 420, Phnom Penh 12305, Cambodia",4.7,61,,OPERATIONAL,http://facebook.com/PandaCybercafe,https://maps.google.com/?cid=3809121025589148497&g_mp=Cilnb29nbGUubWFwcy5wbGFjZXMudjEuUGxhY2VzLlNlYXJjaE5lYXJieRACGAQgAA,internet_cafe;coffee_shop;cafe;food_store;store;service;food;point_of_interest;establishment,coffee_shop,Chamkarmon / BKK
ChIJId_HNd5QCTERT-Bx46uTi_4,LA. CHRONIQUE,coffee,hotel,Hotel,coffee,coffee,11.5406595,104.9169118,"street 135, Phnom Penh 12310, Cambodia",4.5,744,PRICE_LEVEL_MODERATE,OPERATIONAL,https://lachroniquehotel.top/,https://maps.google.com/?cid=18341916273861058639&g_mp=Cilnb29nbGUubWFwcy5wbGFjZXMudjEuUGxhY2VzLlNlYXJjaE5lYXJieRACGAQgAA,hotel;diner;fine_dining_restaurant;breakfast_restaurant;cafe;lodging;restaurant;food;point_of_interest;establishment,cafe,Chamkarmon / BKK
ChIJn-S0rOBQCTER78DuLg_FiuA,BROWN Coffee TTP,coffee,cafe,Cafe,coffee,coffee,11.538445699999999,104.91526440000001,"175 St 155, Phnom Penh 12310, Cambodia",4.4,766,PRICE_LEVEL_MODERATE,OPERATIONAL,https://www.browncoffee.com.kh/,https://maps.google.com/?cid=16179961280284508399&g_mp=Cilnb29nbGUubWFwcy5wbGFjZXMudjEuUGxhY2VzLlNlYXJjaE5lYXJieRACGAQgAA,cafe;food;point_of_interest;establishment,cafe,Chamkarmon / BKK
ChIJO-w6LABRCTERhA4fV4fq8-8,Hero House x Matcha Hero Kh,coffee,cafe,Cafe,coffee,coffee,11.5503562,104.9139658,"408 St 163, Phnom Penh, Cambodia",4.2,68,,OPERATIONAL,,https://maps.google.com/?cid=17290421261408603780&g_mp=Cilnb29nbGUubWFwcy5wbGFjZXMudjEuUGxhY2VzLlNlYXJjaE5lYXJieRACGAQgAA,cafe;food;point_of_interest;establishment,cafe,Chamkarmon / BKK
ChIJT4bxOxFRCTER9pZ66JROqM0,KamKai Cafe and Eatery,coffee,cafe,Cafe,coffee,coffee,11.5821775,104.8805887,"Street 1005, Phnom Penh, Cambodia",4.1,114,,OPERATIONAL,https://www.facebook.com/share/1CEycgd33d/?mibextid=wwXIfr,https://maps.google.com/?cid=14819180975325091574&g_mp=Cilnb29nbGUubWFwcy5wbGFjZXMudjEuUGxhY2VzLlNlYXJjaE5lYXJieRACGAQgAA,cafe;coffee_shop;food_store;store;food;point_of_interest;establishment,coffee_shop,Toul Kork
ChIJn6XhjA1RCTERDPbwWMqlBG0,COFFEE CORNER By PeyPeyDy,coffee,coffee_shop,Coffee Shop,coffee,coffee,11.5662287,104.89388410000001,"Kampuchea Krom Blvd (128), Phnom Penh, Cambodia",4.5,46,,OPERATIONAL,,https://maps.google.com/?cid=7855585938535151116&g_mp=Cilnb29nbGUubWFwcy5wbGFjZXMudjEuUGxhY2VzLlNlYXJjaE5lYXJieRACGAQgAA,coffee_shop;cafe;food_store;store;food;point_of_interest;establishment,coffee_shop,Toul Kork
ChIJ5zMWMgBRCTER66qzHPCHO5c,"Toto by Chi Chi ~ coffee, matcha & treats (sen sok) ☁️✨",coffee,coffee_shop,Coffee Shop,coffee,coffee,11.580850100000001,104.88678130000001,"Street 1966, Phnom Penh, Cambodia",4.7,252,,OPERATIONAL,,https://maps.google.com/?cid=10897453188696484587&g_mp=Cilnb29nbGUubWFwcy5wbGFjZXMudjEuUGxhY2VzLlNlYXJjaE5lYXJieRACGAQgAA,coffee_shop;cafe;food_store;store;food;point_of_interest;establishment,coffee_shop,Toul Kork
ChIJe1dTC5dRCTERVZ_-Dy-e4CA,Gather Grounds Coffee & Eatery Phnom Penh Thmei,coffee,coffee_shop,Coffee Shop,coffee,coffee,11.5765788,104.8789089,"6E Street 1978, Phnom Penh, Cambodia",4.4,140,,OPERATIONAL,https://www.facebook.com/gathergroundscambodia?mibextid=ZbWKwL,https://maps.google.com/?cid=2369067328965877589&g_mp=Cilnb29nbGUubWFwcy5wbGFjZXMudjEuUGxhY2VzLlNlYXJjaE5lYXJieRACGAQgAA,coffee_shop;cafe;food_store;store;food;point_of_interest;establishment,coffee_shop,Toul Kork
ChIJS6L3dwBRCTERnj3rwoxaTtQ,Café Lounge,coffee,coffee_shop,Coffee Shop,coffee,coffee,11.5777898,104.90242409999999,"HWH3+32V, Phnom Penh, Cambodia",4.5,70,,OPERATIONAL,,https://maps.google.com/?cid=15298264544836271518&g_mp=Cilnb29nbGUubWFwcy5wbGFjZXMudjEuUGxhY2VzLlNlYXJjaE5lYXJieRACGAQgAA,coffee_shop;cafe;food_store;store;food;point_of_interest;establishment,coffee_shop,Toul Kork
ChIJlf44PwBRCTERunTwpe6iGAI,Bridge Coffee 24h st150,coffee,coffee_shop,Coffee Shop,coffee,coffee,11.563782,104.89277299999999,"HV7R+9C8, St 150, Phnom Penh, Cambodia",3.9,32,,OPERATIONAL,,https://maps.google.com/?cid=151049733386826938&g_mp=Cilnb29nbGUubWFwcy5wbGFjZXMudjEuUGxhY2VzLlNlYXJjaE5lYXJieRACGAQgAA,coffee_shop;cafe;food_store;store;food;point_of_interest;establishment,coffee_shop,Toul Kork
ChIJT3pV33FRCTERx98QChoYHd4,% Arabica Phnom Penh The Commune Toul Kork,coffee,coffee_shop,Coffee Shop,coffee,coffee,11.5874695,104.8962258,"Street 347, Phnom Penh 12000, Cambodia",4.4,257,,OPERATIONAL,http://arabica.com/,https://maps.google.com/?cid=16004975150861705159&g_mp=Cilnb29nbGUubWFwcy5wbGFjZXMudjEuUGxhY2VzLlNlYXJjaE5lYXJieRACGAQgAA,coffee_shop;cafe;food_store;store;food;point_of_interest;establishment,coffee_shop,Toul Kork
ChIJKWOOXgBRCTERsZVzd0g7fgw,Doggo Café Toulkork,coffee,coffee_shop,Coffee Shop,coffee,coffee,11.5795873,104.89848289999999,"St 548, Phnom Penh, Cambodia",4.4,67,,OPERATIONAL,,https://maps.google.com/?cid=900222157948425649&g_mp=Cilnb29nbGUubWFwcy5wbGFjZXMudjEuUGxhY2VzLlNlYXJjaE5lYXJieRACGAQgAA,coffee_shop;cafe;food_store;store;food;point_of_interest;establishment,coffee_shop,Toul Kork
ChIJdfA_eOdRCTER49l6stpGs8s,pods coffee,coffee,coffee_shop,Coffee Shop,coffee,coffee,11.5841827,104.8955599,"Street 528, Phnom Penh 120407, Cambodia",4.2,51,,OPERATIONAL,https://www.instagram.com/podscoffee_tk/profilecard/?igsh=Z2NjM2lsZTY1dXh3,https://maps.google.com/?cid=14678153515641788899&g_mp=Cilnb29nbGUubWFwcy5wbGFjZXMudjEuUGxhY2VzLlNlYXJjaE5lYXJieRACGAQgAA,coffee_shop;cafe;food_store;store;food;point_of_interest;establishment,coffee_shop,Toul Kork
ChIJ9267Nn9RCTERz4I_9K7ZjuY,The Shop Tuol Kork,coffee,restaurant,Restaurant,coffee,coffee,11.583685,104.89385399999999,"#38, Street 337 Tuol Kork Phnom Penh, #38 Street 337, Phnom Penh 12152, Cambodia",4.3,881,PRICE_LEVEL_MODERATE,OPERATIONAL,http://www.theshop-cambodia.com/,https://maps.google.com/?cid=16613455420861678287&g_mp=Cilnb29nbGUubWFwcy5wbGFjZXMudjEuUGxhY2VzLlNlYXJjaE5lYXJieRACGAQgAA,restaurant;pizza_delivery;bistro;meal_delivery;food_delivery;coffee_shop;cafe;bakery;food_store;store;food;point_of_interest;establishment,coffee_shop,Toul Kork
ChIJBby2FABRCTERUU98lHS5UNo,WW COFFEE AND PASTRY,coffee,coffee_shop,Coffee Shop,coffee,coffee,11.5669572,104.9045683,"St 134, Phnom Penh 120402, Cambodia",4.5,54,,OPERATIONAL,,https://maps.google.com/?cid=15731277408763662161&g_mp=Cilnb29nbGUubWFwcy5wbGFjZXMudjEuUGxhY2VzLlNlYXJjaE5lYXJieRACGAQgAA,coffee_shop;cafe;food_store;store;food;point_of_interest;establishment,coffee_shop,Toul Kork
ChIJPzwbpiZRCTER9oWfgi3AOsg,TUBE COFFEE Santhormok,coffee,cafe,Cafe,coffee,coffee,11.5670352,104.89823580000001,"639 Kampuchea Krom Blvd (128), Phnom Penh, Cambodia",4.2,218,,OPERATIONAL,,https://maps.google.com/?cid=14428055657932359158&g_mp=Cilnb29nbGUubWFwcy5wbGFjZXMudjEuUGxhY2VzLlNlYXJjaE5lYXJieRACGAQgAA,cafe;coffee_shop;food_store;store;food;point_of_interest;establishment,coffee_shop,Toul Kork
ChIJJ_9kCABRCTERiIZ1nKb_UIw,CAFE HONEST,coffee,coffee_shop,Coffee Shop,coffee,coffee,11.5844627,104.8961444,"14 Street 337, Phnom Penh, Cambodia",4.5,64,,OPERATIONAL,,https://maps.google.com/?cid=10110862254501365384&g_mp=Cilnb29nbGUubWFwcy5wbGFjZXMudjEuUGxhY2VzLlNlYXJjaE5lYXJieRACGAQgAA,coffee_shop;cafe;food_store;store;food;point_of_interest;establishment,coffee_shop,Toul Kork
ChIJgz-h0iJRCTERzMIZqQyWf_I,Rosie Coffee And bakery,coffee,coffee_shop,Coffee Shop,coffee,coffee,11.564666299999999,104.89661799999999,"146 #31, Phnom Penh, Cambodia",4.2,114,,OPERATIONAL,https://www.facebook.com/ROSIE-Coffee-And-Bakery-125508136033966,https://maps.google.com/?cid=17473850060341625548&g_mp=Cilnb29nbGUubWFwcy5wbGFjZXMudjEuUGxhY2VzLlNlYXJjaE5lYXJieRACGAQgAA,coffee_shop;cafe;food_store;store;food;point_of_interest;establishment,coffee_shop,Toul Kork
ChIJXQhWTQBRCTERcdox4cKUNLw,Gather Grounds Coffee & Eatery Indradevi,coffee,coffee_shop,Coffee Shop,coffee,coffee,11.577423699999999,104.89003559999999,"13, St594, Phum 5, & Street 594, Phnom Penh, Cambodia",4.5,85,,OPERATIONAL,https://t.me/GatherGrounds_Indradevi,https://maps.google.com/?cid=13561627942642113137&g_mp=Cilnb29nbGUubWFwcy5wbGFjZXMudjEuUGxhY2VzLlNlYXJjaE5lYXJieRACGAQgAA,coffee_shop;cafe;food_store;store;food;point_of_interest;establishment,coffee_shop,Toul Kork
ChIJ8VFo5dtRCTERSadJQr_CXrw,BROWN Coffee | IFL 2,coffee,coffee_shop,Coffee Shop,coffee,coffee,11.5675707,104.893506,"Street 261, Phnom Penh 12156, Cambodia",4.4,190,PRICE_LEVEL_MODERATE,OPERATIONAL,https://www.browncoffee.com.kh/,https://maps.google.com/?cid=13573500453647918921&g_mp=Cilnb29nbGUubWFwcy5wbGFjZXMudjEuUGxhY2VzLlNlYXJjaE5lYXJieRACGAQgAA,coffee_shop;cafe;food_store;store;food;point_of_interest;establishment,coffee_shop,Toul Kork
ChIJndqbeRZRCTERrPAjnpehYx0,Café Amazon Concept Store,coffee,coffee_shop,Coffee Shop,coffee,coffee,11.5814077,104.89789859999999,"No. 39 Street 528, Phnom Penh 120407, Cambodia",4.6,91,,OPERATIONAL,,https://maps.google.com/?cid=2117713922359554220&g_mp=Cilnb29nbGUubWFwcy5wbGFjZXMudjEuUGxhY2VzLlNlYXJjaE5lYXJieRACGAQgAA,coffee_shop;cafe;food_store;store;food;point_of_interest;establishment,coffee_shop,Toul Kork
ChIJf0CoNwBRCTERqkKd7VljldY,COFFEE CORNER STM2,coffee,coffee_shop,Coffee Shop,coffee,coffee,11.5650743,104.9004813,"245 corner 146, Phnom Penh, Cambodia",4.2,27,,OPERATIONAL,,https://maps.google.com/?cid=15462374133536211626&g_mp=Cilnb29nbGUubWFwcy5wbGFjZXMudjEuUGxhY2VzLlNlYXJjaE5lYXJieRACGAQgAA,coffee_shop;cafe;food_store;store;food;point_of_interest;establishment,coffee_shop,Toul Kork
ChIJXeRMBdtRCTERgrzfVLzXE-c,BALCONY Coffee l TK,coffee,coffee_shop,Coffee Shop,coffee,coffee,11.5841243,104.89753329999999,"Ground Floor, Time Square 3, Corner St.335, & Street 317, Phnom Penh, Cambodia",4.3,45,,OPERATIONAL,,https://maps.google.com/?cid=16650889451196628098&g_mp=Cilnb29nbGUubWFwcy5wbGFjZXMudjEuUGxhY2VzLlNlYXJjaE5lYXJieRACGAQgAA,coffee_shop;cafe;food_store;store;food;point_of_interest;establishment,coffee_shop,Toul Kork
ChIJfdrbcgJRCTERX6DaG35H7D4,STABLE Coffee & Bakery,coffee,cafe,Cafe,coffee,coffee,11.5880488,104.89408739999999,"Street 347, Phnom Penh, Cambodia",4.7,151,,OPERATIONAL,https://instagram.com/stable_studio.coffee?igshid=ZnplbGRoZjB4OTJn,https://maps.google.com/?cid=4534077531814010975&g_mp=Cilnb29nbGUubWFwcy5wbGFjZXMudjEuUGxhY2VzLlNlYXJjaE5lYXJieRACGAQgAA,cafe;food;point_of_interest;establishment,cafe,Toul Kork
ChIJCyExzXlRCTERKjWdQqdbmOk,The Playroom - Cambodia,coffee,amusement_center,Amusement Center,coffee,coffee,11.5818057,104.90097379999999,"9 Street 287 Phnom Penh, Phnom Penh 12151, Cambodia",4.5,256,,OPERATIONAL,https://www.facebook.com/theplayroomkh,https://maps.google.com/?cid=16832304381232493866&g_mp=Cilnb29nbGUubWFwcy5wbGFjZXMudjEuUGxhY2VzLlNlYXJjaE5lYXJieRACGAQgAA,amusement_center;cafe;sports_club;sports_activity_location;bar;association_or_organization;restaurant;food;point_of_interest;establishment,cafe,Toul Kork
ChIJWbvxCHlRCTERo5Xo1ltfr0s,BROWN Roastery | Toul Kork,coffee,cafe,Cafe,coffee,coffee,11.580838,104.8959592,"HVJW+88J, St 315, Phnom Penh, Cambodia",4.3,854,PRICE_LEVEL_MODERATE,OPERATIONAL,https://www.browncoffee.com.kh/,https://maps.google.com/?cid=5453682521821189539&g_mp=Cilnb29nbGUubWFwcy5wbGFjZXMudjEuUGxhY2VzLlNlYXJjaE5lYXJieRACGAQgAA,cafe;food;point_of_interest;establishment,cafe,Toul Kork
ChIJP4CKPY5RCTERwo0oBZ2FxMk,Club Hero x Matcha Hero Kh,coffee,cafe,Cafe,coffee,coffee,11.5826543,104.9027505,"94 St 283, Phnom Penh 12150, Cambodia",4.4,54,,OPERATIONAL,,https://maps.google.com/?cid=14538892406501707202&g_mp=Cilnb29nbGUubWFwcy5wbGFjZXMudjEuUGxhY2VzLlNlYXJjaE5lYXJieRACGAQgAA,cafe;food;point_of_interest;establishment,cafe,Toul Kork
ChIJhWqN6uVRCTERU9LMhc7Bb7c,"Toto by Chi Chi ~ coffee, matcha & treats (IFL) ☁️✨",coffee,cafe,Cafe,coffee,coffee,11.5669744,104.8940139,"St 122, Phnom Penh, Cambodia",4.7,119,,OPERATIONAL,,https://maps.google.com/?cid=13217996524107911763&g_mp=Cilnb29nbGUubWFwcy5wbGFjZXMudjEuUGxhY2VzLlNlYXJjaE5lYXJieRACGAQgAA,cafe;food;point_of_interest;establishment,cafe,Toul Kork
ChIJkQSqCgBRCTER4bN-G70OpKc,Brewie Coffee and Bakery,coffee,cafe,Cafe,coffee,coffee,11.576811399999999,104.8901015,"1A, St 594, corner St 325, Phnom Penh 120408, Cambodia",4.4,95,,OPERATIONAL,https://www.facebook.com/profile.php?id=61550743621733&mibextid=LQQJ4d,https://maps.google.com/?cid=12079796305887409121&g_mp=Cilnb29nbGUubWFwcy5wbGFjZXMudjEuUGxhY2VzLlNlYXJjaE5lYXJieRACGAQgAA,cafe;food;point_of_interest;establishment,cafe,Toul Kork
ChIJX00nVatRCTERlZkP-foka0o,TH Coffee,coffee,coffee_shop,Coffee Shop,coffee,coffee,11.5502921,104.9156453,"320 Phnom Penh, Phnom Penh 12304, Cambodia",4.2,11,,OPERATIONAL,,https://maps.google.com/?cid=5362420441653680533&g_mp=Cilnb29nbGUubWFwcy5wbGFjZXMudjEuUGxhY2VzLlNlYXJjaE5lYXJieRACGAQgAA,coffee_shop;cafe;food_store;store;food;point_of_interest;establishment,coffee_shop,7 Makara / Olympic
ChIJqXTNcwBRCTERKd8bigFCssY,ចេស្តាកាហ្វេ- Jesda Coffee,coffee,coffee_shop,Coffee Shop,coffee,coffee,11.522116599999999,104.9163639,"Street 69 BT, Phnom Penh 120606, Cambodia",4.9,17,,OPERATIONAL,https://www.facebook.com/profile.php?id=61561971884776&mibextid=LQQJ4d,https://maps.google.com/?cid=14317578739743711017&g_mp=Cilnb29nbGUubWFwcy5wbGFjZXMudjEuUGxhY2VzLlNlYXJjaE5lYXJieRACGAQgAA,coffee_shop;cafe;food_store;store;food;point_of_interest;establishment,coffee_shop,Mean Chey
ChIJexWAZyJRCTERYCPcfrvdeM4,"The Wine Bakery (24 Hours) Restaurant, Cafe & Bar - TTP",coffee,restaurant,Restaurant,coffee,coffee,11.538777399999999,104.9147998,"St 456, Phnom Penh, Cambodia",4.3,202,,OPERATIONAL,http://www.wineoclockcafe.com/?utm_source=google&utm_medium=wix_google_business_profile&utm_campaign=17819682004595856010,https://maps.google.com/?cid=14877885166375412576&g_mp=Cilnb29nbGUubWFwcy5wbGFjZXMudjEuUGxhY2VzLlNlYXJjaE5lYXJieRACGAQgAA,restaurant;hamburger_restaurant;pastry_shop;cake_shop;sandwich_shop;coffee_shop;dessert_shop;deli;cafe;confectionery;bakery;wholesaler;food_store;american_restaurant;store;bar;manufacturer;food;point_of_interest;establishment,coffee_shop,Mean Chey
ChIJ-U-XWOdQCTERm27ZnKaFMJc,Starbucks | TTP,coffee,coffee_shop,Coffee Shop,coffee,coffee,11.537175999999999,104.9156128,"# 155, Street 468 Sangkat Tuol Tum Poung II, Phnom Penh 12311, Cambodia",4.3,562,PRICE_LEVEL_MODERATE,OPERATIONAL,http://www.starbucks.com.kh/,https://maps.google.com/?cid=10894354449251790491&g_mp=Cilnb29nbGUubWFwcy5wbGFjZXMudjEuUGxhY2VzLlNlYXJjaE5lYXJieRACGAQgAA,coffee_shop;cafe;food_store;store;food;point_of_interest;establishment,coffee_shop,Mean Chey
ChIJI0iVRQBRCTERV3uazKuO5Q8,45 Coffee,coffee,coffee_shop,Coffee Shop,coffee,coffee,11.5408561,104.908013,"35 Street 7BT, Phnom Penh, Cambodia",4.4,57,,OPERATIONAL,,https://maps.google.com/?cid=1145478548758887255&g_mp=Cilnb29nbGUubWFwcy5wbGFjZXMudjEuUGxhY2VzLlNlYXJjaE5lYXJieRACGAQgAA,coffee_shop;cafe;food_store;store;food;point_of_interest;establishment,coffee_shop,Mean Chey
ChIJ25lnwG9RCTER5lEPNu_FIdM,TUBE COFFEE TOUL TOM PONG,coffee,coffee_shop,Coffee Shop,coffee,coffee,11.5414816,104.9141698,"175-193 St 163, Phnom Penh, Cambodia",4.3,192,,OPERATIONAL,,https://maps.google.com/?cid=15213658647429075430&g_mp=Cilnb29nbGUubWFwcy5wbGFjZXMudjEuUGxhY2VzLlNlYXJjaE5lYXJieRACGAQgAA,coffee_shop;cafe;food_store;store;food;point_of_interest;establishment,coffee_shop,Mean Chey
ChIJgwAeAgRRCTERNF1XJHSkohU,Ion Coffee Shop,coffee,coffee_shop,Coffee Shop,coffee,coffee,11.542287499999999,104.9168649,"GWR8+WP9, 135, Phnom Penh 12305, Cambodia",4.5,125,,OPERATIONAL,https://www.facebook.com/ioncoffee/,https://maps.google.com/?cid=1558989239756479796&g_mp=Cilnb29nbGUubWFwcy5wbGFjZXMudjEuUGxhY2VzLlNlYXJjaE5lYXJieRACGAQgAA,coffee_shop;cafe;food_store;store;food;point_of_interest;establishment,coffee_shop,Mean Chey
ChIJdXe7owBbCTERFuXNzlk074M,TUBE Coffee + Chamkar Doung,coffee,coffee_shop,Coffee Shop,coffee,coffee,11.509601199999999,104.8908275,"339 Chamkar Doung Street (217), Phnom Penh 120501, Cambodia",4.2,105,,OPERATIONAL,,https://maps.google.com/?cid=9506874898728740118&g_mp=Cilnb29nbGUubWFwcy5wbGFjZXMudjEuUGxhY2VzLlNlYXJjaE5lYXJieRACGAQgAA,coffee_shop;cafe;food_store;store;food;point_of_interest;establishment,coffee_shop,Mean Chey
ChIJf3DpBwBRCTERUFt5MepyGGU,TUBE COFFEE 271,coffee,coffee_shop,Coffee Shop,coffee,coffee,11.527861699999999,104.9164545,"GWH8+4HW, Phnom Penh, Cambodia",4.6,39,,OPERATIONAL,https://www.facebook.com/TubeCoffeeCambodia/,https://maps.google.com/?cid=7284698747449727824&g_mp=Cilnb29nbGUubWFwcy5wbGFjZXMudjEuUGxhY2VzLlNlYXJjaE5lYXJieRACGAQgAA,coffee_shop;cafe;food_store;store;food;point_of_interest;establishment,coffee_shop,Mean Chey
ChIJXeHsyZFRCTERCzii1okHtHg,ខ្លុយស្នេហ៍ កាហ្វេ សាខាទី២ រង្វង់មូលផ្សារដើមថ្កូវ,coffee,coffee_shop,Coffee Shop,coffee,coffee,11.5335424,104.9135397,"430 Street 271, Phnom Penh, Cambodia",4.3,25,,OPERATIONAL,,https://maps.google.com/?cid=8697585068952139787&g_mp=Cilnb29nbGUubWFwcy5wbGFjZXMudjEuUGxhY2VzLlNlYXJjaE5lYXJieRACGAQgAA,coffee_shop;cafe;food_store;store;food;point_of_interest;establishment,coffee_shop,Mean Chey
ChIJYaa2Ni5RCTER1ECtTBunQME,Dé Burlap Cafe Chamkar Doung,coffee,coffee_shop,Coffee Shop,coffee,coffee,11.511977,104.8907488,"Chamkar Doung Street (217), Phnom Penh, Cambodia",4.3,215,,OPERATIONAL,,https://maps.google.com/?cid=13925313783521951956&g_mp=Cilnb29nbGUubWFwcy5wbGFjZXMudjEuUGxhY2VzLlNlYXJjaE5lYXJieRACGAQgAA,coffee_shop;cafe;food_store;store;food;point_of_interest;establishment,coffee_shop,Mean Chey
ChIJPRhOYgBRCTERAHqG_uNn1R4,The Denz,coffee,cafe,Cafe,coffee,coffee,11.542942499999999,104.91889139999999,"17 St 420, Penh 12351, Cambodia",4.9,54,,OPERATIONAL,,https://maps.google.com/?cid=2221796220102670848&g_mp=Cilnb29nbGUubWFwcy5wbGFjZXMudjEuUGxhY2VzLlNlYXJjaE5lYXJieRACGAQgAA,cafe;coffee_shop;food_store;store;food;point_of_interest;establishment,coffee_shop,Mean Chey
ChIJu5NaEQBRCTERfdvRGXL1PCk,Willow Coffee,coffee,coffee_shop,Coffee Shop,coffee,coffee,11.5404948,104.91707760000001,"Street 446, Phnom Penh, Cambodia",5,20,,OPERATIONAL,,https://maps.google.com/?cid=2971519724565945213&g_mp=Cilnb29nbGUubWFwcy5wbGFjZXMudjEuUGxhY2VzLlNlYXJjaE5lYXJieRACGAQgAA,coffee_shop;cafe;food_store;store;food;point_of_interest;establishment,coffee_shop,Mean Chey
ChIJM3qaAgBRCTERDiiY1tk23lg,MAD HOUSE,coffee,coffee_shop,Coffee Shop,coffee,coffee,11.5405819,104.9158314,"GWR8+68P, Phnom Penh, Cambodia",4.3,37,,OPERATIONAL,https://www.facebook.com/share/1Ft93m1qJS/?mibextid=wwXIfr,https://maps.google.com/?cid=6403616029403523086&g_mp=Cilnb29nbGUubWFwcy5wbGFjZXMudjEuUGxhY2VzLlNlYXJjaE5lYXJieRACGAQgAA,coffee_shop;cafe;food_store;store;food;point_of_interest;establishment,coffee_shop,Mean Chey
ChIJmxa_uB9RCTERn-wPMaLa5og,Ministry of Cat,coffee,coffee_shop,Coffee Shop,coffee,coffee,11.5408232,104.91075520000001,"5 St 442, Phnom Penh 12311, Cambodia",4.7,248,,OPERATIONAL,http://www.ministryofcat.com/menu,https://maps.google.com/?cid=9864812423944334495&g_mp=Cilnb29nbGUubWFwcy5wbGFjZXMudjEuUGxhY2VzLlNlYXJjaE5lYXJieRACGAQgAA,coffee_shop;cafe;food_store;store;food;point_of_interest;establishment,coffee_shop,Mean Chey
ChIJs77Y-3tRCTERDxubon2ISjA,BROWN Coffee | Rule,coffee,coffee_shop,Coffee Shop,coffee,coffee,11.534538,104.92294559999999,"12305 Street 484, Phnom Penh 12305, Cambodia",4.3,119,PRICE_LEVEL_MODERATE,OPERATIONAL,https://www.browncoffee.com.kh/,https://maps.google.com/?cid=3479743735277493007&g_mp=Cilnb29nbGUubWFwcy5wbGFjZXMudjEuUGxhY2VzLlNlYXJjaE5lYXJieRACGAQgAA,coffee_shop;cafe;food_store;store;food;point_of_interest;establishment,coffee_shop,Mean Chey
ChIJ64zCRgBRCTERQLQ3sE-ZD30,Apartment Cafe TTP,coffee,coffee_shop,Coffee Shop,coffee,coffee,11.5384403,104.911153,"GWQ6+CC2, Phnom Penh, Cambodia",4.7,22,,OPERATIONAL,https://www.facebook.com/apartmentcafettp?mibextid=ZbWKwL,https://maps.google.com/?cid=9011589946929558592&g_mp=Cilnb29nbGUubWFwcy5wbGFjZXMudjEuUGxhY2VzLlNlYXJjaE5lYXJieRACGAQgAA,coffee_shop;cafe;food_store;store;food;point_of_interest;establishment,coffee_shop,Mean Chey
ChIJt-dyQQBRCTERnYJct0tRu68,The muffin man Phnom Penh,coffee,bakery,Bakery,coffee,coffee,11.5355773,104.9152032,"St 155 St 155, and St 476, Phnom Penh 120109, Cambodia",4.8,266,,OPERATIONAL,https://linktr.ee/muffinmankh,https://maps.google.com/?cid=12662804162922971805&g_mp=Cilnb29nbGUubWFwcy5wbGFjZXMudjEuUGxhY2VzLlNlYXJjaE5lYXJieRACGAQgAA,bakery;cafe;food_store;store;food;point_of_interest;establishment,cafe,Mean Chey
ChIJMYMMad5QCTERUYx7-rtTsc8,Slanhseavphov Book Store & Café,coffee,book_store,Book Store,coffee,coffee,11.5435467,104.907102,"144 Street 183, Phnom Penh 12306, Cambodia",4.5,125,,OPERATIONAL,https://www.facebook.com/slanhseavphov/,https://maps.google.com/?cid=14965835103555259473&g_mp=Cilnb29nbGUubWFwcy5wbGFjZXMudjEuUGxhY2VzLlNlYXJjaE5lYXJieRACGAQgAA,book_store;cafe;store;food;point_of_interest;establishment,cafe,Mean Chey
ChIJnR6-yV5XCTER-FvNhGqqvzQ,Chériny,coffee,pastry_shop,Pastry Shop,coffee,coffee,11.5419808,104.9206255,"15A Street 432, Phnom Penh 12305, Cambodia",4.8,412,,OPERATIONAL,https://www.facebook.com/cherinykh,https://maps.google.com/?cid=3800943984995294200&g_mp=Cilnb29nbGUubWFwcy5wbGFjZXMudjEuUGxhY2VzLlNlYXJjaE5lYXJieRACGAQgAA,pastry_shop;cafe;bakery;dessert_shop;confectionery;food_store;store;food;point_of_interest;establishment,cafe,Mean Chey
ChIJC4JuWkZRCTERjRcTTNiZXH0,Karma Cafe,coffee,cafe,Cafe,coffee,coffee,11.5321479,104.9067524,"Street 8Bt, Phnom Penh 120607, Cambodia",4.7,20,,OPERATIONAL,https://www.facebook.com/profile.php?id=61571456203283,https://maps.google.com/?cid=9033264106866677645&g_mp=Cilnb29nbGUubWFwcy5wbGFjZXMudjEuUGxhY2VzLlNlYXJjaE5lYXJieRACGAQgAA,cafe;food;point_of_interest;establishment,cafe,Mean Chey
ChIJdQrr01VRCTERwsy3w-A9PqI,Sacred Lotus - Vegan - Café x Hostel | Phnom Penh,coffee,vegan_restaurant,Vegan Restaurant,coffee,coffee,11.5410691,104.91341759999999,"Toul Tompong II, 127C E0 ផ្លូវលេខ ៤៤០, ភ្នំពេញ 12311, Cambodia",4.4,415,,OPERATIONAL,http://facebook.com/sacredlotuscafe,https://maps.google.com/?cid=11690849718265957570&g_mp=Cilnb29nbGUubWFwcy5wbGFjZXMudjEuUGxhY2VzLlNlYXJjaE5lYXJieRACGAQgAA,vegan_restaurant;lounge_bar;vegetarian_restaurant;hostel;cafe;night_club;bar;lodging;restaurant;food;point_of_interest;establishment,cafe,Mean Chey
ChIJ40dk0VhRCTERZNV8muPLLHo,selapak coffee and eatery,coffee,cafe,Cafe,coffee,coffee,11.5380062,104.91547109999999,"Toul Tom Poung 1, Number 192 St 155, Phnom Penh 855000, Cambodia",4.8,438,,OPERATIONAL,https://www.facebook.com/profile.php?id=100087438421661,https://maps.google.com/?cid=8803635550012364132&g_mp=Cilnb29nbGUubWFwcy5wbGFjZXMudjEuUGxhY2VzLlNlYXJjaE5lYXJieRACGAQgAA,cafe;food;point_of_interest;establishment,cafe,Mean Chey
ChIJQwL0m01RCTERBnzfysad13E,Kaifun Boeung Trabek,coffee,cafe,Cafe,coffee,coffee,11.5414817,104.9220982,"86 St 95, Phnom Penh 120111, Cambodia",4.5,51,,OPERATIONAL,https://www.facebook.com/KaifunCambodia/,https://maps.google.com/?cid=8203198723411377158&g_mp=Cilnb29nbGUubWFwcy5wbGFjZXMudjEuUGxhY2VzLlNlYXJjaE5lYXJieRACGAQgAA,cafe;food;point_of_interest;establishment,cafe,Mean Chey
ChIJvYHQpBhRCTERto3KFM3xWVg,Gelato Factory,coffee,cafe,Cafe,coffee,coffee,11.5399696,104.9175027,"44 Street 123, Phnom Penh 12310, Cambodia",4.9,506,,OPERATIONAL,https://www.facebook.com/GelatoFactoryKh,https://maps.google.com/?cid=6366385411384315318&g_mp=Cilnb29nbGUubWFwcy5wbGFjZXMudjEuUGxhY2VzLlNlYXJjaE5lYXJieRACGAQgAA,cafe;food;point_of_interest;establishment,cafe,Mean Chey
ChIJ7QRvIABTCTERHeiPBPrhmwg,BROWN Coffee - Roastery 6A,coffee,coffee_shop,Coffee Shop,coffee,coffee,11.592853499999999,104.9294117,"Sangkat, 6A Road, Phnom Penh, Cambodia",4.5,148,,OPERATIONAL,https://www.browncoffee.com.kh/,https://maps.google.com/?cid=620337837628188701&g_mp=Cilnb29nbGUubWFwcy5wbGFjZXMudjEuUGxhY2VzLlNlYXJjaE5lYXJieRACGAQgAA,coffee_shop;cafe;food_store;food;point_of_interest;store;establishment,coffee_shop,Russey Keo
ChIJc9QEUABTCTER8sJ4zFq7OLU,TUBE COFFEE Camko City,coffee,coffee_shop,Coffee Shop,coffee,coffee,11.592738899999999,104.8969384,"Phum Poung Peay, HVVW+3QW, St 2, Phnom Penh, Cambodia",4.2,66,,OPERATIONAL,,https://maps.google.com/?cid=13058393118212670194&g_mp=Cilnb29nbGUubWFwcy5wbGFjZXMudjEuUGxhY2VzLlNlYXJjaE5lYXJieRACGAQgAA,coffee_shop;cafe;food_store;food;point_of_interest;store;establishment,coffee_shop,Russey Keo
ChIJ-yoL91pRCTER7cwV-kVUNuw,Sorryy Coffee,coffee,coffee_shop,Coffee Shop,coffee,coffee,11.5834505,104.9010605,"285 Street 516, Phnom Penh, Cambodia",4.5,124,,OPERATIONAL,,https://maps.google.com/?cid=17020884501218577645&g_mp=Cilnb29nbGUubWFwcy5wbGFjZXMudjEuUGxhY2VzLlNlYXJjaE5lYXJieRACGAQgAA,coffee_shop;cafe;food_store;food;point_of_interest;store;establishment,coffee_shop,Russey Keo
ChIJPVxWAgBRCTERO3dvFESJx9g,Soul Coffee Toul Kork,coffee,coffee_shop,Coffee Shop,coffee,coffee,11.582740399999999,104.89743610000001,"11 St 315, Phnom Penh, Cambodia",4.6,31,,OPERATIONAL,,https://maps.google.com/?cid=15620604758051485499&g_mp=Cilnb29nbGUubWFwcy5wbGFjZXMudjEuUGxhY2VzLlNlYXJjaE5lYXJieRACGAQgAA,coffee_shop;cafe;food_store;food;point_of_interest;store;establishment,coffee_shop,Russey Keo
ChIJlfXEXJtTCTERBLYzcMMUwVA,Oxygen Eatery and Coffee,coffee,restaurant,Restaurant,coffee,coffee,11.5920066,104.89446339999999,"Camko City, Phnom Penh, Cambodia",4.4,85,,OPERATIONAL,,https://maps.google.com/?cid=5818955023173006852&g_mp=Cilnb29nbGUubWFwcy5wbGFjZXMudjEuUGxhY2VzLlNlYXJjaE5lYXJieRACGAQgAA,restaurant;coffee_shop;cafe;food_store;food;point_of_interest;store;establishment,coffee_shop,Russey Keo
ChIJK1mmLABTCTERZka1EzKjkp0,Coffee Corner psar toch,coffee,coffee_shop,Coffee Shop,coffee,coffee,11.5920981,104.91825809999999,"1748 NR5, Phnom Penh, Cambodia",2.6,10,,OPERATIONAL,,https://maps.google.com/?cid=11354317046028781158&g_mp=Cilnb29nbGUubWFwcy5wbGFjZXMudjEuUGxhY2VzLlNlYXJjaE5lYXJieRACGAQgAA,coffee_shop;cafe;food_store;food;point_of_interest;store;establishment,coffee_shop,Russey Keo
ChIJTa4QhXNTCTERkYjEnhVxRmc,TUBE COFFEE + Chroy Changvar,coffee,coffee_shop,Coffee Shop,coffee,coffee,11.5897212,104.92813369999999,"NR6, Phnom Penh, Cambodia",4.2,340,PRICE_LEVEL_INEXPENSIVE,OPERATIONAL,,https://maps.google.com/?cid=7441759771948255377&g_mp=Cilnb29nbGUubWFwcy5wbGFjZXMudjEuUGxhY2VzLlNlYXJjaE5lYXJieRACGAQgAA,coffee_shop;cafe;food_store;food;point_of_interest;store;establishment,coffee_shop,Russey Keo
ChIJsSUqnX1RCTERs7cWj8IXItI,Coffee Bridge 24H Wat Phnom,coffee,coffee_shop,Coffee Shop,coffee,coffee,11.5832777,104.91813069999999,"HWM9+67X, France St. (47), Phnom Penh, Cambodia",4.3,94,,OPERATIONAL,,https://maps.google.com/?cid=15141691021564753843&g_mp=Cilnb29nbGUubWFwcy5wbGFjZXMudjEuUGxhY2VzLlNlYXJjaE5lYXJieRACGAQgAA,coffee_shop;cafe;food_store;food;point_of_interest;store;establishment,coffee_shop,Russey Keo
ChIJ64wWPgBTCTERW87ATXyPhbQ,Weeee Wonder Coffee,coffee,coffee_shop,Coffee Shop,coffee,coffee,11.5879859,104.91788989999999,"Building, ROOM, HWQ9+652, 1 Street 45, Phnom Penh 12100, Cambodia",4.6,45,,OPERATIONAL,,https://maps.google.com/?cid=13007960862772743771&g_mp=Cilnb29nbGUubWFwcy5wbGFjZXMudjEuUGxhY2VzLlNlYXJjaE5lYXJieRACGAQgAA,coffee_shop;cafe;food_store;food;point_of_interest;store;establishment,coffee_shop,Russey Keo
ChIJGSbxC3xRCTERtZW_VhTcumI,Starbucks | TK Avenue,coffee,coffee_shop,Coffee Shop,coffee,coffee,11.583590000000001,104.89925099999999,"Phnom Penh, Cambodia",4.2,421,PRICE_LEVEL_MODERATE,OPERATIONAL,,https://maps.google.com/?cid=7114240541297972661&g_mp=Cilnb29nbGUubWFwcy5wbGFjZXMudjEuUGxhY2VzLlNlYXJjaE5lYXJieRACGAQgAA,coffee_shop;cafe;food_store;food;point_of_interest;store;establishment,coffee_shop,Russey Keo
ChIJN_F7iwNRCTER4Tn8OdpULRI,Cup Specialty Coffee,coffee,coffee_shop,Coffee Shop,coffee,coffee,11.5838556,104.8957988,"31 Street 528, Phnom Penh 120407, Cambodia",4.8,45,,OPERATIONAL,,https://maps.google.com/?cid=1309796362887117281&g_mp=Cilnb29nbGUubWFwcy5wbGFjZXMudjEuUGxhY2VzLlNlYXJjaE5lYXJieRACGAQgAA,coffee_shop;cafe;food_store;food;point_of_interest;store;establishment,coffee_shop,Russey Keo
ChIJdfuyhBdTCTERMzjzR_fI1pU,Starbucks | Sakura Avenue,coffee,coffee_shop,Coffee Shop,coffee,coffee,11.599117099999999,104.9264141,"OCIC street, Phnom Penh 12110, Cambodia",4.2,85,,OPERATIONAL,http://www.starbucks.com.kh/,https://maps.google.com/?cid=10797038121056942131&g_mp=Cilnb29nbGUubWFwcy5wbGFjZXMudjEuUGxhY2VzLlNlYXJjaE5lYXJieRACGAQgAA,coffee_shop;cafe;food_store;food;point_of_interest;store;establishment,coffee_shop,Russey Keo
ChIJXQP0KexTCTER3IGz71IVWuc,BLOOM COFFEE,coffee,coffee_shop,Coffee Shop,coffee,coffee,11.5983942,104.9107416,"907 Phnom Penh, Phnom Penh 12105, Cambodia",4.6,10,,OPERATIONAL,,https://maps.google.com/?cid=16670660416618332636&g_mp=Cilnb29nbGUubWFwcy5wbGFjZXMudjEuUGxhY2VzLlNlYXJjaE5lYXJieRACGAQgAA,coffee_shop;cafe;food_store;food;point_of_interest;store;establishment,coffee_shop,Russey Keo
ChIJBatKkKdTCTERxa-_7DdPMSA,Wring cafe,coffee,cafe,Cafe,coffee,coffee,11.600092799999999,104.9308454,"JW2J+28Q, Phnom Penh, Cambodia",4.1,10,,OPERATIONAL,https://www.facebook.com/Wring-Cafe-1777625259233899/,https://maps.google.com/?cid=2319722384686297029&g_mp=Cilnb29nbGUubWFwcy5wbGFjZXMudjEuUGxhY2VzLlNlYXJjaE5lYXJieRACGAQgAA,cafe;food;point_of_interest;establishment,cafe,Russey Keo
ChIJZSSqIA5TCTERGuJyofuzPWI,Sunset & The River (SEEN Café),coffee,cafe,Cafe,coffee,coffee,11.6242504,104.91704809999999,"OCIC, Phnom Penh 12110, Cambodia",4.6,48,,OPERATIONAL,,https://maps.google.com/?cid=7079012082623111706&g_mp=Cilnb29nbGUubWFwcy5wbGFjZXMudjEuUGxhY2VzLlNlYXJjaE5lYXJieRACGAQgAA,cafe;cocktail_bar;bar;food;point_of_interest;establishment,cafe,Russey Keo
ChIJ61kHV65TCTERWiWhjUycRuE,356 Coffee,coffee,cafe,Cafe,coffee,coffee,11.6211237,104.89067399999999,"598, Phnom Penh 12108, Cambodia",5,5,,OPERATIONAL,https://www.facebook.com/skcafentea/,https://maps.google.com/?cid=16232833759511127386&g_mp=Cilnb29nbGUubWFwcy5wbGFjZXMudjEuUGxhY2VzLlNlYXJjaE5lYXJieRACGAQgAA,cafe;food;point_of_interest;establishment,cafe,Russey Keo
ChIJlS3SDoZRCTER0_gXXUD1xOM,TUBE COFFEE Samai Square Toul Kork,coffee,cafe,Cafe,coffee,coffee,11.5848178,104.8978619,"15 Street 337, Phnom Penh, Cambodia",4.1,98,,OPERATIONAL,,https://maps.google.com/?cid=16412512598833494227&g_mp=Cilnb29nbGUubWFwcy5wbGFjZXMudjEuUGxhY2VzLlNlYXJjaE5lYXJieRACGAQgAA,cafe;food;point_of_interest;establishment,cafe,Russey Keo
ChIJ1-WsmZJRCTEREfegSt326FM,Team Coffee,coffee,restaurant,Restaurant,coffee,coffee,11.578707699999999,104.8705021,"Phnom Penh Hanoi Friendship Blvd (1019), Phnom Penh, Cambodia",4,469,PRICE_LEVEL_MODERATE,OPERATIONAL,http://www.facebook.com/teamcoffee.cambodia,https://maps.google.com/?cid=6046353930045159185&g_mp=Cilnb29nbGUubWFwcy5wbGFjZXMudjEuUGxhY2VzLlNlYXJjaE5lYXJieRACGAQgAA,restaurant;coffee_shop;cafe;food_store;store;food;point_of_interest;establishment,coffee_shop,Sen Sok
ChIJgc8par5RCTERCBvNPYptcLE,66° Café and Bakery,coffee,coffee_shop,Coffee Shop,coffee,coffee,11.5810823,104.8866879,"HVJP+CMP, Street 1966, Phnom Penh, Cambodia",4.5,39,,OPERATIONAL,,https://maps.google.com/?cid=12785839782614604552&g_mp=Cilnb29nbGUubWFwcy5wbGFjZXMudjEuUGxhY2VzLlNlYXJjaE5lYXJieRACGAQgAA,coffee_shop;cafe;food_store;store;food;point_of_interest;establishment,coffee_shop,Sen Sok
ChIJF4E_YABRCTERpLbO2T4Zqv8,Starbucks | Sen Sok,coffee,coffee_shop,Coffee Shop,coffee,coffee,11.582971299999999,104.87018150000002,"HVMC+63X, Phnom Penh Hanoi Friendship Blvd (1019), Phnom Penh, Cambodia",4.6,69,,OPERATIONAL,,https://maps.google.com/?cid=18422564983445304996&g_mp=Cilnb29nbGUubWFwcy5wbGFjZXMudjEuUGxhY2VzLlNlYXJjaE5lYXJieRACGAQgAA,coffee_shop;cafe;food_store;store;food;point_of_interest;establishment,coffee_shop,Sen Sok
ChIJJc-tGABRCTERsSwKO_U3kBQ,Slo Brew,coffee,coffee_shop,Coffee Shop,coffee,coffee,11.580950699999999,104.8883599,"106b Street 592, Phnom Penh, Cambodia",4.5,36,,OPERATIONAL,,https://maps.google.com/?cid=1481745803801930929&g_mp=Cilnb29nbGUubWFwcy5wbGFjZXMudjEuUGxhY2VzLlNlYXJjaE5lYXJieRACGAQgAA,coffee_shop;cafe;food_store;store;food;point_of_interest;establishment,coffee_shop,Sen Sok
ChIJCcc57UFRCTEREz2OlHbOtHA,Sakky Coffee,coffee,coffee_shop,Coffee Shop,coffee,coffee,11.5892722,104.8575929,"Oknha Mong Reththy St. (1928), Phnom Penh, Cambodia",4.3,125,,OPERATIONAL,,https://maps.google.com/?cid=8121343036749659411&g_mp=Cilnb29nbGUubWFwcy5wbGFjZXMudjEuUGxhY2VzLlNlYXJjaE5lYXJieRACGAQgAA,coffee_shop;cafe;food_store;store;food;point_of_interest;establishment,coffee_shop,Sen Sok
ChIJF54xCJtRCTERmwr0NoLFypo,TUBE COFFEE CHOUK MEAS MARKET,coffee,coffee_shop,Coffee Shop,coffee,coffee,11.5760104,104.853872,"Phnom Penh, Cambodia",4.2,100,,OPERATIONAL,,https://maps.google.com/?cid=11153944590194838171&g_mp=Cilnb29nbGUubWFwcy5wbGFjZXMudjEuUGxhY2VzLlNlYXJjaE5lYXJieRACGAQgAA,coffee_shop;cafe;food_store;store;food;point_of_interest;establishment,coffee_shop,Sen Sok
ChIJbYEHYTNRCTERCxg4K6Ka0kY,Apsara Fairy Cafe,coffee,coffee_shop,Coffee Shop,coffee,coffee,11.5793395,104.89112860000002,"House N, 19 St 574, Phnom Penh 120408, Cambodia",4.8,30,,OPERATIONAL,https://www.facebook.com/Apsarafairy,https://maps.google.com/?cid=5103311349064669195&g_mp=Cilnb29nbGUubWFwcy5wbGFjZXMudjEuUGxhY2VzLlNlYXJjaE5lYXJieRACGAQgAA,coffee_shop;cafe;food_store;store;food;point_of_interest;establishment,coffee_shop,Sen Sok
ChIJWQhFUX9RCTERlGXaQpqElao,Bean and Co TK337 (Formerly Doi Chaang Coffee),coffee,coffee_shop,Coffee Shop,coffee,coffee,11.583780599999999,104.8926434,"Street 337, Phnom Penh, Cambodia",4.4,405,PRICE_LEVEL_MODERATE,OPERATIONAL,,https://maps.google.com/?cid=12291876556059075988&g_mp=Cilnb29nbGUubWFwcy5wbGFjZXMudjEuUGxhY2VzLlNlYXJjaE5lYXJieRACGAQgAA,coffee_shop;cafe;food_store;store;restaurant;food;point_of_interest;establishment,coffee_shop,Sen Sok
ChIJ-QguQABRCTERMZwNxItc5RY,The Owl Coffee & Tea ផ្សារក្រមួនភ្នំពេញថ្មី,coffee,coffee_shop,Coffee Shop,coffee,coffee,11.5759026,104.8790971,"HVGH+9J9, Phnom Penh, Cambodia",5,2,,OPERATIONAL,,https://maps.google.com/?cid=1649826593860590641&g_mp=Cilnb29nbGUubWFwcy5wbGFjZXMudjEuUGxhY2VzLlNlYXJjaE5lYXJieRACGAQgAA,coffee_shop;cafe;food_store;store;food;point_of_interest;establishment,coffee_shop,Sen Sok
ChIJ9Tp0biFTCTERAndsdSmhUh0,CLÉO Café and Bookstore,coffee,coffee_shop,Coffee Shop,coffee,coffee,11.5994984,104.88704729999999,"HVXP+QR, Phnom Penh, Cambodia",4.7,37,,OPERATIONAL,https://m.facebook.com/%E1%9E%80%E1%9F%92%E1%9E%9B%E1%9F%81%E1%9E%A2%E1%9E%BC-CL%C3%89O-Cambodia-111175873733717/?ti=as,https://maps.google.com/?cid=2112928374625957634&g_mp=Cilnb29nbGUubWFwcy5wbGFjZXMudjEuUGxhY2VzLlNlYXJjaE5lYXJieRACGAQgAA,coffee_shop;book_store;cafe;food_store;store;food;point_of_interest;establishment,coffee_shop,Sen Sok
ChIJFSiQcgBTCTERMTMqycCbL24,Coffee corner Aeon2,coffee,coffee_shop,Coffee Shop,coffee,coffee,11.5970823,104.8862879,"បុរី​ ពិភពថ្មី, 28 st.23, Phnom Penh, Cambodia",4.9,8,,OPERATIONAL,https://www.facebook.com/share/1ARiUYLJJ5/?mibextid=wwXIfr,https://maps.google.com/?cid=7939735920388485937&g_mp=Cilnb29nbGUubWFwcy5wbGFjZXMudjEuUGxhY2VzLlNlYXJjaE5lYXJieRACGAQgAA,coffee_shop;cafe;food_store;store;food;point_of_interest;establishment,coffee_shop,Sen Sok
ChIJM9obdLNTCTERmNh7SYGMqsk,ម៉េង ហៀង បាយមាន់ហៃណាំ & គុយទាវបាសៀកសាច់ចិញ្រ្ចាំ - Meng Heang Hainanese Chicken Rice & Coffee,coffee,restaurant,Restaurant,coffee,coffee,11.5901012,104.88271929999999,"366A Road 1928 Sangkat Phnom Penh They, Phnom Penh 12000, Cambodia",4.3,13,,OPERATIONAL,,https://maps.google.com/?cid=14531581634575849624&g_mp=Cilnb29nbGUubWFwcy5wbGFjZXMudjEuUGxhY2VzLlNlYXJjaE5lYXJieRACGAQgAA,restaurant;breakfast_restaurant;coffee_shop;cafe;food_store;store;food;point_of_interest;establishment,coffee_shop,Sen Sok
ChIJAefnO_tRCTER1mhrW0OSCNE,Jars of Clay Cafe,coffee,cafe,Cafe,coffee,coffee,11.5811771,104.85321839999999,"Supermarket 1 & 1, HVJ3+F8C, Oknha Try Heng St. (2011), Phnom Penh 12411, Cambodia",4.5,311,PRICE_LEVEL_MODERATE,OPERATIONAL,http://www.jarsofclay.asia/,https://maps.google.com/?cid=15062449771734853846&g_mp=Cilnb29nbGUubWFwcy5wbGFjZXMudjEuUGxhY2VzLlNlYXJjaE5lYXJieRACGAQgAA,cafe;food;point_of_interest;establishment,cafe,Sen Sok
ChIJQ-kYJn9RCTER36fYHVz4S6s,Java Creative Cafe Toul Kork,coffee,restaurant,Restaurant,coffee,coffee,11.584005699999999,104.8950072,"20A Street 337 Phnom Penh, Cambodia, HVMV+HWH, 20a Street 337, Phnom Penh 12151, Cambodia",4.3,432,PRICE_LEVEL_MODERATE,OPERATIONAL,https://javacreativecafe.com/,https://maps.google.com/?cid=12343232278260393951&g_mp=Cilnb29nbGUubWFwcy5wbGFjZXMudjEuUGxhY2VzLlNlYXJjaE5lYXJieRACGAQgAA,restaurant;cafe;food;point_of_interest;establishment,cafe,Sen Sok
ChIJXUDgHXNTCTEREGp8m30WNbY,Zoom Garden Cafè & Wine,coffee,cafe,Cafe,coffee,coffee,11.5958188,104.85316789999999,"85, St.92, Try Heng, and St. Uknha, Phnom Penh 120804, Cambodia",4.2,72,,OPERATIONAL,,https://maps.google.com/?cid=13129425017403894288&g_mp=Cilnb29nbGUubWFwcy5wbGFjZXMudjEuUGxhY2VzLlNlYXJjaE5lYXJieRACGAQgAA,cafe;food;point_of_interest;establishment,cafe,Sen Sok
ChIJi92slX5RCTERbtMNQk4keN0,Starbucks | Maida 2004,coffee,coffee_shop,Coffee Shop,coffee,coffee,11.5523885,104.87590030000001,"HV2G+X92, Street 2004, Phnom Penh, Cambodia",4.3,149,PRICE_LEVEL_MODERATE,OPERATIONAL,http://www.starbucks.com.kh/,https://maps.google.com/?cid=15958545198121603950&g_mp=Cilnb29nbGUubWFwcy5wbGFjZXMudjEuUGxhY2VzLlNlYXJjaE5lYXJieRACGAQgAA,coffee_shop;cafe;food_store;store;food;point_of_interest;establishment,coffee_shop,Pou Senchey
ChIJlz2iBjFRCTERBNUQKnMphQI,Sla Coffee and Pub,coffee,coffee_shop,Coffee Shop,coffee,coffee,11.564613900000001,104.86129269999999,"Street 2009, Phnom Penh 120912, Cambodia",4.6,59,,OPERATIONAL,,https://maps.google.com/?cid=181596934582097156&g_mp=Cilnb29nbGUubWFwcy5wbGFjZXMudjEuUGxhY2VzLlNlYXJjaE5lYXJieRACGAQgAA,coffee_shop;cafe;food_store;store;food;point_of_interest;establishment,coffee_shop,Pou Senchey
ChIJO7MZfrpRCTERpoT2nDWb1Ck,BROWN Roastery | K-Mall,coffee,coffee_shop,Coffee Shop,coffee,coffee,11.5318104,104.86729980000001,"GVJ8+PWF, Veng Sreng Blvd, Phnom Penh, Cambodia",4.5,510,PRICE_LEVEL_MODERATE,OPERATIONAL,http://www.browncoffee.com.kh/,https://maps.google.com/?cid=3014204705186677926&g_mp=Cilnb29nbGUubWFwcy5wbGFjZXMudjEuUGxhY2VzLlNlYXJjaE5lYXJieRACGAQgAA,coffee_shop;cafe;food_store;store;food;point_of_interest;establishment,coffee_shop,Pou Senchey
ChIJ-RMB0thPCTER9lj2TFlMkOA,Koala coffee,coffee,coffee_shop,Coffee Shop,coffee,coffee,11.5338653,104.82078759999999,"GRMC+G8V, Phnom Penh, Cambodia",4.3,31,,OPERATIONAL,,https://maps.google.com/?cid=16181517407569205494&g_mp=Cilnb29nbGUubWFwcy5wbGFjZXMudjEuUGxhY2VzLlNlYXJjaE5lYXJieRACGAQgAA,coffee_shop;cafe;food_store;store;food;point_of_interest;establishment,coffee_shop,Pou Senchey
ChIJTyI39T9RCTERo_TFNuz3R9I,Starbucks | CG Mall,coffee,coffee_shop,Coffee Shop,coffee,coffee,11.5581674,104.84893029999999,"No. 1679 Ta Ngoun Village រាជធានី, Phnom Penh 120913, Cambodia",4.4,134,,OPERATIONAL,https://www.starbucks.com.kh/,https://maps.google.com/?cid=15152352065214608547&g_mp=Cilnb29nbGUubWFwcy5wbGFjZXMudjEuUGxhY2VzLlNlYXJjaE5lYXJieRACGAQgAA,coffee_shop;cafe;food_store;store;food;point_of_interest;establishment,coffee_shop,Pou Senchey
ChIJadQ_UgBRCTERh4YlvhWqm_I,NorkorReach Coffee,coffee,coffee_shop,Coffee Shop,coffee,coffee,11.553643899999999,104.8702405,"HV39+FWQ, Phnom Penh, Cambodia",4.7,30,,OPERATIONAL,,https://maps.google.com/?cid=17481753388929877639&g_mp=Cilnb29nbGUubWFwcy5wbGFjZXMudjEuUGxhY2VzLlNlYXJjaE5lYXJieRACGAQgAA,coffee_shop;cafe;food_store;store;food;point_of_interest;establishment,coffee_shop,Pou Senchey
ChIJU_IrVgBRCTERyo1hwnP4ofQ,បុរី ជីប ម៉ុង ទួលពង្រ,coffee,coffee_shop,Coffee Shop,coffee,coffee,11.520537599999999,104.87397140000002,"GVCF+5HH, Phnom Penh, Cambodia",4.8,29,,OPERATIONAL,,https://maps.google.com/?cid=17627643592570932682&g_mp=Cilnb29nbGUubWFwcy5wbGFjZXMudjEuUGxhY2VzLlNlYXJjaE5lYXJieRACGAQgAA,coffee_shop;cafe;food_store;store;food;point_of_interest;establishment,coffee_shop,Pou Senchey
ChIJlzeM3GBRCTERr4j0kTWrWwA,TUBE COFFEE Veng Sreng,coffee,coffee_shop,Coffee Shop,coffee,coffee,11.531476399999999,104.8601711,"Veng Sreng Blvd, Phnom Penh, Cambodia",4.4,101,,OPERATIONAL,,https://maps.google.com/?cid=25802469451008175&g_mp=Cilnb29nbGUubWFwcy5wbGFjZXMudjEuUGxhY2VzLlNlYXJjaE5lYXJieRACGAQgAA,coffee_shop;cafe;food_store;store;food;point_of_interest;establishment,coffee_shop,Pou Senchey
ChIJ7zPh7ppRCTERs00JDC24ZAs,60K Coffee,coffee,coffee_shop,Coffee Shop,coffee,coffee,11.562410199999999,104.8523419,"St.60K, Phnom Penh 12406, Cambodia",4.3,74,,OPERATIONAL,,https://maps.google.com/?cid=820983535703248307&g_mp=Cilnb29nbGUubWFwcy5wbGFjZXMudjEuUGxhY2VzLlNlYXJjaE5lYXJieRACGAQgAA,coffee_shop;cafe;food_store;store;food;point_of_interest;establishment,coffee_shop,Pou Senchey
ChIJJ_9ZSwBRCTERy1gJYcruxVM,"Toto by Chi Chi ~ coffee, matcha, & treats (2004) ☁️✨",coffee,coffee_shop,Coffee Shop,coffee,coffee,11.5518971,104.87555429999999,"Street 2004, Phnom Penh 190210, Cambodia",4.9,268,,OPERATIONAL,,https://maps.google.com/?cid=6036493428538824907&g_mp=Cilnb29nbGUubWFwcy5wbGFjZXMudjEuUGxhY2VzLlNlYXJjaE5lYXJieRACGAQgAA,coffee_shop;cafe;food_store;store;food;point_of_interest;establishment,coffee_shop,Pou Senchey
ChIJJ4Yg0IFRCTERCT6aRPz1xOg,TUBE COFFEE SEA TV,coffee,coffee_shop,Coffee Shop,coffee,coffee,11.5614937,104.8706361,"Phnom Penh, Cambodia",4.4,93,,OPERATIONAL,https://foodpanda.page.link/gjLQB3Xzg89zrU3DA,https://maps.google.com/?cid=16772801376066092553&g_mp=Cilnb29nbGUubWFwcy5wbGFjZXMudjEuUGxhY2VzLlNlYXJjaE5lYXJieRACGAQgAA,coffee_shop;cafe;food_store;store;food;point_of_interest;establishment,coffee_shop,Pou Senchey
ChIJeeFnqLVPCTER7oBLjpPDg3k,Lucky Seven Bright,coffee,coffee_shop,Coffee Shop,coffee,coffee,11.5685387,104.84514639999999,"105K22, Phnom Penh 120806, Cambodia",4.2,52,,OPERATIONAL,https://web.facebook.com/sevenluckybright/?ref=page_internal,https://maps.google.com/?cid=8756057139053297902&g_mp=Cilnb29nbGUubWFwcy5wbGFjZXMudjEuUGxhY2VzLlNlYXJjaE5lYXJieRACGAQgAA,coffee_shop;cafe;food_store;store;restaurant;food;point_of_interest;establishment,coffee_shop,Pou Senchey
ChIJLSxGRgBRCTERxJHrWcC-uC8,TUBE COFFEE POCHENTONG,coffee,coffee_shop,Coffee Shop,coffee,coffee,11.5628751,104.86095490000001,"826 Russian Federation Blvd (110), Phnom Penh, Cambodia",4.5,43,,OPERATIONAL,https://www.facebook.com/TubeCoffeeCambodia/,https://maps.google.com/?cid=3438708048848982468&g_mp=Cilnb29nbGUubWFwcy5wbGFjZXMudjEuUGxhY2VzLlNlYXJjaE5lYXJieRACGAQgAA,coffee_shop;cafe;food_store;store;food;point_of_interest;establishment,coffee_shop,Pou Senchey
ChIJH_O96XVRCTERbtUu9JCjTQk,Luna Coffee & Bakery - 2004,coffee,coffee_shop,Coffee Shop,coffee,coffee,11.551144599999999,104.86121759999999,"Street 2004, Trapaing Lvea Village, Sangkat Kakap Khan Por Sen Phnom Penh Phnom Penh, Phnom Penh 12406, Cambodia",4.2,127,,OPERATIONAL,https://www.facebook.com/LunaCoffeeAndBakery,https://maps.google.com/?cid=670371762515400046&g_mp=Cilnb29nbGUubWFwcy5wbGFjZXMudjEuUGxhY2VzLlNlYXJjaE5lYXJieRACGAQgAA,coffee_shop;cafe;food_store;store;food;point_of_interest;establishment,coffee_shop,Pou Senchey
ChIJ0bHQ9QpRCTERHcPZMxfafEI,TotalEnergies Road 2004,coffee,gas_station,Gas Station,coffee,coffee,11.5504267,104.85820340000001,"322 Street 2004, Penh 12406, Cambodia",4.3,96,,OPERATIONAL,http://www.total.com.kh/,https://maps.google.com/?cid=4790943896804377373&g_mp=Cilnb29nbGUubWFwcy5wbGFjZXMudjEuUGxhY2VzLlNlYXJjaE5lYXJieRACGAQgAA,gas_station;coffee_shop;cafe;food_store;store;service;food;point_of_interest;establishment,coffee_shop,Pou Senchey
ChIJr7z8g0NRCTER3T4T_xlB6p4,Starbucks | Total Pochentong,coffee,food_store,Food Store,coffee,coffee,11.563215099999999,104.86487849999999,"Sangkat Tuek Thla Phnom Penh, Phnom Penh 15505, Cambodia",4.1,35,,OPERATIONAL,https://www.starbucks.com.kh/,https://maps.google.com/?cid=11451036582452346589&g_mp=Cilnb29nbGUubWFwcy5wbGFjZXMudjEuUGxhY2VzLlNlYXJjaE5lYXJieRACGAQgAA,coffee_shop;cafe;food_store;store;food;point_of_interest;establishment,coffee_shop,Pou Senchey
ChIJM6u-cxpRCTER5eW_OHCUMcE,go coffee.,coffee,coffee_shop,Coffee Shop,coffee,coffee,11.5626544,104.8656154,"110a Russian Federation Blvd (110), Phnom Penh, Cambodia",4.1,145,,OPERATIONAL,,https://maps.google.com/?cid=13921071132888262117&g_mp=Cilnb29nbGUubWFwcy5wbGFjZXMudjEuUGxhY2VzLlNlYXJjaE5lYXJieRACGAQgAA,coffee_shop;cafe;food_store;store;food;point_of_interest;establishment,coffee_shop,Pou Senchey
ChIJN5leGwBPCTERVwrCnI0et10,Coffee Corner Veng Sreng,coffee,coffee_shop,Coffee Shop,coffee,coffee,11.528561199999999,104.8386002,"GRHQ+FC3, Phnom Penh, Cambodia",4.2,14,,OPERATIONAL,,https://maps.google.com/?cid=6752899759834532439&g_mp=Cilnb29nbGUubWFwcy5wbGFjZXMudjEuUGxhY2VzLlNlYXJjaE5lYXJieRACGAQgAA,coffee_shop;cafe;food_store;store;food;point_of_interest;establishment,coffee_shop,Pou Senchey
ChIJ9_WpKwBRCTERVxQ2A6RIi0Y,Big Apple Donuts & Coffee 2004,coffee,coffee_shop,Coffee Shop,coffee,coffee,11.5510833,104.8636667,"HV27+CFM, Street 2004, Phnom Penh, Cambodia",3.9,7,,OPERATIONAL,,https://maps.google.com/?cid=5083236473683448919&g_mp=Cilnb29nbGUubWFwcy5wbGFjZXMudjEuUGxhY2VzLlNlYXJjaE5lYXJieRACGAQgAA,coffee_shop;cafe;food_store;store;food;point_of_interest;establishment,coffee_shop,Pou Senchey
ChIJ5RmkRDpRCTERNrzHkZyUows,ម្លប់កាហ្វេ Mlub Coffee,coffee,coffee_shop,Coffee Shop,coffee,coffee,11.542153599999999,104.87880949999999,"GVRH+WH6, Phnom Penh, Cambodia",4,8,,OPERATIONAL,,https://maps.google.com/?cid=838677355802639414&g_mp=Cilnb29nbGUubWFwcy5wbGFjZXMudjEuUGxhY2VzLlNlYXJjaE5lYXJieRACGAQgAA,coffee_shop;cafe;food_store;store;food;point_of_interest;establishment,coffee_shop,Pou Senchey
ChIJl49S_FtRCTERjeaZLQili1k,BROWN Coffee | Airport,coffee,cafe,Cafe,coffee,coffee,11.5554053,104.8456112,"Russian Blvd (Street 110, Kbal Domrey Village, 1, Phnom Penh, Cambodia",4.4,441,PRICE_LEVEL_MODERATE,OPERATIONAL,https://www.browncoffee.com.kh/,https://maps.google.com/?cid=6452432345681749645&g_mp=Cilnb29nbGUubWFwcy5wbGFjZXMudjEuUGxhY2VzLlNlYXJjaE5lYXJieRACGAQgAA,cafe;food;point_of_interest;establishment,cafe,Pou Senchey
ChIJz9dAiaFRCTERTE_saaI5VRI,Nimith Hotel & Restaurant,coffee,hotel,Hotel,coffee,coffee,11.530772299999999,104.8465006,"35e Veng Sreng Blvd, Phnom Penh, Cambodia",4.6,99,,OPERATIONAL,http://www.nimithhotel.com/,https://maps.google.com/?cid=1321025435427688268&g_mp=Cilnb29nbGUubWFwcy5wbGFjZXMudjEuUGxhY2VzLlNlYXJjaE5lYXJieRACGAQgAA,hotel;cafe;spa;lodging;bar;event_venue;service;restaurant;food;point_of_interest;transportation_service;establishment,cafe,Pou Senchey
ChIJw1ch09dRCTERZCyizqfyxBg,Park Cafe,coffee,restaurant,Restaurant,coffee,coffee,11.555640799999999,104.84598659999999,"Russian Federation Blvd (110), Phnom Penh 12406, Cambodia",3.8,538,,OPERATIONAL,,https://maps.google.com/?cid=1784818154885753956&g_mp=Cilnb29nbGUubWFwcy5wbGFjZXMudjEuUGxhY2VzLlNlYXJjaE5lYXJieRACGAQgAA,restaurant;cafe;food;point_of_interest;establishment,cafe,Pou Senchey
ChIJlWK967RXCTERgSYQX2za-xE,BROWN Coffee | Koh Norea,coffee,coffee_shop,Coffee Shop,coffee,coffee,11.5475101,104.9575686,"Phnom Penh 121203, Cambodia",4.5,298,PRICE_LEVEL_MODERATE,OPERATIONAL,https://www.browncoffee.com.kh/,https://maps.google.com/?cid=1295869476785366657&g_mp=Cilnb29nbGUubWFwcy5wbGFjZXMudjEuUGxhY2VzLlNlYXJjaE5lYXJieRACGAQgAA,coffee_shop;cafe;food_store;store;food;point_of_interest;establishment,coffee_shop,Chbar Ampov / east bank
ChIJvxYvdQBRCTER4rMehOudBKo,Cotta Cafe and Pastry,coffee,coffee_shop,Coffee Shop,coffee,coffee,11.553283900000002,104.9318327,"32a Ke Nou St. (9), Phnom Penh, Cambodia",4.4,49,,OPERATIONAL,,https://maps.google.com/?cid=12251090521214071778&g_mp=Cilnb29nbGUubWFwcy5wbGFjZXMudjEuUGxhY2VzLlNlYXJjaE5lYXJieRACGAQgAA,coffee_shop;cafe;food_store;store;food;point_of_interest;establishment,coffee_shop,Chbar Ampov / east bank
ChIJzfMEfPRXCTER7kvQemIMYzs,TUBE Coffee + Koh Pich Island,coffee,coffee_shop,Coffee Shop,coffee,coffee,11.544876799999999,104.9399457,"Type 3 of The Elysée, Koh Pich St, Phnom Penh 12301, Cambodia",4.2,90,,OPERATIONAL,,https://maps.google.com/?cid=4279277688038902766&g_mp=Cilnb29nbGUubWFwcy5wbGFjZXMudjEuUGxhY2VzLlNlYXJjaE5lYXJieRACGAQgAA,coffee_shop;cafe;food_store;store;food;point_of_interest;establishment,coffee_shop,Chbar Ampov / east bank
ChIJc8Y4BgBXCTERx_m5ajMAxuE,Starbucks | Koh Pich,coffee,coffee_shop,Coffee Shop,coffee,coffee,11.5514954,104.94037999999999,"Street Sopheak Mongkol Rd, Phnom Penh, Cambodia",4.2,53,,OPERATIONAL,,https://maps.google.com/?cid=16268690924756400583&g_mp=Cilnb29nbGUubWFwcy5wbGFjZXMudjEuUGxhY2VzLlNlYXJjaE5lYXJieRACGAQgAA,coffee_shop;cafe;food_store;store;food;point_of_interest;establishment,coffee_shop,Chbar Ampov / east bank
ChIJXUCCNABXCTERfBfWlh-bVgc,Konnect Coffee - Koh Pich Branch,coffee,coffee_shop,Coffee Shop,coffee,coffee,11.5516189,104.94346449999999,"HW2V+HC, Phnom Penh, Cambodia",4.3,39,,OPERATIONAL,,https://maps.google.com/?cid=528780566239516540&g_mp=Cilnb29nbGUubWFwcy5wbGFjZXMudjEuUGxhY2VzLlNlYXJjaE5lYXJieRACGAQgAA,coffee_shop;cafe;food_store;store;food;point_of_interest;establishment,coffee_shop,Chbar Ampov / east bank
ChIJL--aaJhXCTER3R3WE4hB-34,BROWN Coffee | Peng Huoth Euro Park,coffee,coffee_shop,Coffee Shop,coffee,coffee,11.5161179,104.9549973,"Euro Park Project, Dutch3, Peng Huoth, Street858, Phnom Penh 12357, Cambodia",4.5,104,PRICE_LEVEL_MODERATE,OPERATIONAL,https://www.browncoffee.com.kh/,https://maps.google.com/?cid=9149979120637451741&g_mp=Cilnb29nbGUubWFwcy5wbGFjZXMudjEuUGxhY2VzLlNlYXJjaE5lYXJieRACGAQgAA,coffee_shop;cafe;food_store;store;food;point_of_interest;establishment,coffee_shop,Chbar Ampov / east bank
ChIJa-A34XZRCTERmrf1Z28gUe8,Starbucks | The Bridge Tower,coffee,coffee_shop,Coffee Shop,coffee,coffee,11.5520788,104.9354317,"HW2P+R5M, Phnom Penh, Cambodia",4.3,219,PRICE_LEVEL_MODERATE,OPERATIONAL,https://www.starbucks.com.kh/,https://maps.google.com/?cid=17244600111035955098&g_mp=Cilnb29nbGUubWFwcy5wbGFjZXMudjEuUGxhY2VzLlNlYXJjaE5lYXJieRACGAQgAA,coffee_shop;cafe;food_store;store;food;point_of_interest;establishment,coffee_shop,Chbar Ampov / east bank
ChIJuwwasy5RCTERKt4hEWc_OTI,Starbucks,coffee,coffee_shop,Coffee Shop,coffee,coffee,11.5484679,104.93206699999999,"AEON Mall, 1, Ground Floor, 132 Samdach Sothearos Blvd (3), Phnom Penh, Cambodia",4.3,1252,PRICE_LEVEL_MODERATE,OPERATIONAL,https://www.starbucks.com.kh/,https://maps.google.com/?cid=3618993487470517802&g_mp=Cilnb29nbGUubWFwcy5wbGFjZXMudjEuUGxhY2VzLlNlYXJjaE5lYXJieRACGAQgAA,coffee_shop;cafe;food_store;store;food;point_of_interest;establishment,coffee_shop,Chbar Ampov / east bank
ChIJOXBDEABRCTEROKn6TROdx4g,SEOLAH CAFE l BAR,coffee,coffee_shop,Coffee Shop,coffee,coffee,11.5520587,104.9379208,"Samdech Hun Sen St, Phnom Penh, Cambodia",4.7,92,,OPERATIONAL,,https://maps.google.com/?cid=9856019015761832248&g_mp=Cilnb29nbGUubWFwcy5wbGFjZXMudjEuUGxhY2VzLlNlYXJjaE5lYXJieRACGAQgAA,coffee_shop;cafe;food_store;store;food;point_of_interest;establishment,coffee_shop,Chbar Ampov / east bank
ChIJ61A9a5BXCTERlXDCl-GEg0I,Starbucks | Boeung Snor,coffee,coffee_shop,Coffee Shop,coffee,coffee,11.535231999999999,104.9569092,"Boeung Snor Food Village National Road No. 1, Phum Beoung Chhuk, Phnom Penh, Cambodia",4.6,128,PRICE_LEVEL_MODERATE,OPERATIONAL,https://www.starbucks.com.kh/,https://maps.google.com/?cid=4792820532900950165&g_mp=Cilnb29nbGUubWFwcy5wbGFjZXMudjEuUGxhY2VzLlNlYXJjaE5lYXJieRACGAQgAA,coffee_shop;cafe;food_store;store;food;point_of_interest;establishment,coffee_shop,Chbar Ampov / east bank
ChIJAYT6klRRCTERyvqx6ME85jk,Bong Bonlai,coffee,vegan_restaurant,Vegan Restaurant,coffee,coffee,11.550720199999999,104.9306182,"13A St 830 Phnom Penh, Phnom Penh 120101, Cambodia",4.6,237,,OPERATIONAL,https://ykarthouse.com/bongbonlai,https://maps.google.com/?cid=4172088908335676106&g_mp=Cilnb29nbGUubWFwcy5wbGFjZXMudjEuUGxhY2VzLlNlYXJjaE5lYXJieRACGAQgAA,vegan_restaurant;coffee_shop;vegetarian_restaurant;cafe;food_store;store;restaurant;food;point_of_interest;establishment,coffee_shop,Chbar Ampov / east bank
ChIJbdAaPQBXCTER_4WPMjMhAqw,Café de Paris,coffee,coffee_shop,Coffee Shop,coffee,coffee,11.544623699999999,104.9399592,"Type 2 of The Elysée, Koh Pich St, Phnom Penh 12301, Cambodia",4.7,70,,OPERATIONAL,,https://maps.google.com/?cid=12394505628252341759&g_mp=Cilnb29nbGUubWFwcy5wbGFjZXMudjEuUGxhY2VzLlNlYXJjaE5lYXJieRACGAQgAA,coffee_shop;cafe;food_store;store;food;point_of_interest;establishment,coffee_shop,Chbar Ampov / east bank
ChIJAWnGGSZXCTERfYKnB28-fkY,TUBE Coffee Boeung Snor,coffee,coffee_shop,Coffee Shop,coffee,coffee,11.5345733,104.95582309999999,"Street 1, Phnom Penh, Cambodia",4.6,41,,OPERATIONAL,,https://maps.google.com/?cid=5079566076311208573&g_mp=Cilnb29nbGUubWFwcy5wbGFjZXMudjEuUGxhY2VzLlNlYXJjaE5lYXJieRACGAQgAA,coffee_shop;cafe;food_store;store;food;point_of_interest;establishment,coffee_shop,Chbar Ampov / east bank
ChIJy7H2IwBRCTERYLLrCesKUc0,BROWN Roastery | Maline,coffee,coffee_shop,Coffee Shop,coffee,coffee,11.5388281,104.92808400000001,"Phnom Penh, Cambodia",4.6,39,,OPERATIONAL,https://www.browncoffee.com.kh/,https://maps.google.com/?cid=14794618255488823904&g_mp=Cilnb29nbGUubWFwcy5wbGFjZXMudjEuUGxhY2VzLlNlYXJjaE5lYXJieRACGAQgAA,coffee_shop;cafe;food_store;store;food;point_of_interest;establishment,coffee_shop,Chbar Ampov / east bank
ChIJReYRUgBXCTER1TA6vvkDto8,Starbucks | Peng Huoth Euro Park,coffee,coffee_shop,Coffee Shop,coffee,coffee,11.5167559,104.9568068,"GX84+QR, Phnom Penh, Cambodia",4,23,,OPERATIONAL,,https://maps.google.com/?cid=10355468764358258901&g_mp=Cilnb29nbGUubWFwcy5wbGFjZXMudjEuUGxhY2VzLlNlYXJjaE5lYXJieRACGAQgAA,coffee_shop;cafe;food_store;store;food;point_of_interest;establishment,coffee_shop,Chbar Ampov / east bank
ChIJhSloSgBXCTERQsyOG9iOZeY,Dawn Coffee Koh Pich,coffee,coffee_shop,Coffee Shop,coffee,coffee,11.5474132,104.9415313,"GWXR+2HH, Phnom Penh, Cambodia",4.9,70,,OPERATIONAL,,https://maps.google.com/?cid=16601832660197624898&g_mp=Cilnb29nbGUubWFwcy5wbGFjZXMudjEuUGxhY2VzLlNlYXJjaE5lYXJieRACGAQgAA,coffee_shop;cafe;food_store;store;food;point_of_interest;establishment,coffee_shop,Chbar Ampov / east bank
ChIJuyINFABJCTER8NWDzknMmr8,ភូមិកាហ្វេ,coffee,coffee_shop,Coffee Shop,coffee,coffee,11.5457552,104.9471511,"ភូមិកាហ្វេ, Phnom Penh, Cambodia",4.6,10,,OPERATIONAL,,https://maps.google.com/?cid=13806572225027102192&g_mp=Cilnb29nbGUubWFwcy5wbGFjZXMudjEuUGxhY2VzLlNlYXJjaE5lYXJieRACGAQgAA,coffee_shop;cafe;food_store;store;food;point_of_interest;establishment,coffee_shop,Chbar Ampov / east bank
ChIJJ2xeLABRCTERUibpso2o0aM,TUBE COFFEE MALINE OFFICE,coffee,coffee_shop,Coffee Shop,coffee,coffee,11.538704599999999,104.92753069999999,"GWQH+F2J, Phnom Penh, Cambodia",4.6,9,,OPERATIONAL,,https://maps.google.com/?cid=11804401424860259922&g_mp=Cilnb29nbGUubWFwcy5wbGFjZXMudjEuUGxhY2VzLlNlYXJjaE5lYXJieRACGAQgAA,coffee_shop;cafe;food_store;store;food;point_of_interest;establishment,coffee_shop,Chbar Ampov / east bank
ChIJWf9mawBXCTERNCpRKXZQF6U,Coffee Corner Koh Norea,coffee,coffee_shop,Coffee Shop,coffee,coffee,11.5452459,104.9632408,"GXW7+37, Phnom Penh, Cambodia",4,24,,OPERATIONAL,,https://maps.google.com/?cid=11896065409152002612&g_mp=Cilnb29nbGUubWFwcy5wbGFjZXMudjEuUGxhY2VzLlNlYXJjaE5lYXJieRACGAQgAA,coffee_shop;cafe;food_store;store;food;point_of_interest;establishment,coffee_shop,Chbar Ampov / east bank
ChIJgTMpsahXCTERK7Z56LLpK5w,BROWN Coffee | DTT,coffee,coffee_shop,Coffee Shop,coffee,coffee,11.5518074,104.9399815,"Park Ave, Phnom Penh, Cambodia",4.5,86,,OPERATIONAL,,https://maps.google.com/?cid=11253345048529057323&g_mp=Cilnb29nbGUubWFwcy5wbGFjZXMudjEuUGxhY2VzLlNlYXJjaE5lYXJieRACGAQgAA,coffee_shop;cafe;food_store;store;food;point_of_interest;establishment,coffee_shop,Chbar Ampov / east bank
ChIJ-blhWSRXCTERKAqZJjXJNsI,BROWN Roastery Parkmall,coffee,cafe,Cafe,coffee,coffee,11.533905899999999,104.95449049999999,"C01 NR1, Phnom Penh 121203, Cambodia",4.4,424,PRICE_LEVEL_MODERATE,OPERATIONAL,https://www.browncoffee.com.kh/,https://maps.google.com/?cid=13994594122218408488&g_mp=Cilnb29nbGUubWFwcy5wbGFjZXMudjEuUGxhY2VzLlNlYXJjaE5lYXJieRACGAQgAA,cafe;food;point_of_interest;establishment,cafe,Chbar Ampov / east bank
ChIJA6ps8eVXCTERHIzmck5CiOY,Lagràce Cafe 2nd | Koh Norea,coffee,cafe,Cafe,coffee,coffee,11.544625499999999,104.96528099999999,"Koh Norea Riverside, Phnom Penh 121203, Cambodia",4.8,155,,OPERATIONAL,,https://maps.google.com/?cid=16611600130258668572&g_mp=Cilnb29nbGUubWFwcy5wbGFjZXMudjEuUGxhY2VzLlNlYXJjaE5lYXJieRACGAQgAA,cafe;food;point_of_interest;establishment,cafe,Chbar Ampov / east bank
ChIJQ8s01mVRCTERdx5LX4M4ytc,TUBE COFFEE Chbar Ampov,coffee,cafe,Cafe,coffee,coffee,11.5320241,104.93804999999999,"GWJQ+R63, NR1, Phnom Penh, Cambodia",4.5,62,,OPERATIONAL,,https://maps.google.com/?cid=15549302800340688503&g_mp=Cilnb29nbGUubWFwcy5wbGFjZXMudjEuUGxhY2VzLlNlYXJjaE5lYXJieRACGAQgAA,cafe;food;point_of_interest;establishment,cafe,Chbar Ampov / east bank
ChIJqYHkVDRRCTERjCXwE86kT8g,Starbucks | Chroy Changva,coffee,coffee_shop,Coffee Shop,coffee,coffee,11.5886882,104.9275201,"No.ដ1-0548, Phum 3 along National Road No. 6A, Cambodia-Japan Friendship Bridge, Phnom Penh, Cambodia",4.3,141,PRICE_LEVEL_MODERATE,OPERATIONAL,http://starbucks.com.kh/,https://maps.google.com/?cid=14433936535750452620&g_mp=Cilnb29nbGUubWFwcy5wbGFjZXMudjEuUGxhY2VzLlNlYXJjaE5lYXJieRACGAQgAA,coffee_shop;cafe;food_store;store;food;point_of_interest;establishment,coffee_shop,Chroy Changvar
ChIJi_3hDONTCTERivWWrK_Wyf0,VK COFFEE AND EATERY,coffee,coffee_shop,Coffee Shop,coffee,coffee,11.590441199999999,104.928693,"HWRH+6FW, Phnom Penh, Cambodia",4.1,80,,OPERATIONAL,,https://maps.google.com/?cid=18287383811917804938&g_mp=Cilnb29nbGUubWFwcy5wbGFjZXMudjEuUGxhY2VzLlNlYXJjaE5lYXJieRACGAQgAA,coffee_shop;cafe;food_store;store;food;point_of_interest;establishment,coffee_shop,Chroy Changvar
ChIJb8x3IwBTCTERwZzVvuOM1w4,90’degree,coffee,coffee_shop,Coffee Shop,coffee,coffee,11.5995107,104.9261885,"HWXG+QF3, Phnom Penh, Cambodia",4.5,23,,OPERATIONAL,,https://maps.google.com/?cid=1069478346310917313&g_mp=Cilnb29nbGUubWFwcy5wbGFjZXMudjEuUGxhY2VzLlNlYXJjaE5lYXJieRACGAQgAA,coffee_shop;cafe;food_store;store;food;point_of_interest;establishment,coffee_shop,Chroy Changvar
ChIJZS_vFwBTCTER4cCHFd9sPDc,Coco Park Cafe,coffee,coffee_shop,Coffee Shop,coffee,coffee,11.5877331,104.9335722,"Keo Chenda St, Phnom Penh, Cambodia",4.5,27,,OPERATIONAL,,https://maps.google.com/?cid=3980175876083400929&g_mp=Cilnb29nbGUubWFwcy5wbGFjZXMudjEuUGxhY2VzLlNlYXJjaE5lYXJieRACGAQgAA,coffee_shop;cafe;food_store;store;food;point_of_interest;establishment,coffee_shop,Chroy Changvar
ChIJvRvQX1dRCTER-zFOdqfshpI,Pho One,coffee,coffee_shop,Coffee Shop,coffee,coffee,11.5831319,104.927425,"HWMG+7X3, 87, Phnom Penh, Cambodia",4.5,114,,OPERATIONAL,,https://maps.google.com/?cid=10558386580405236219&g_mp=Cilnb29nbGUubWFwcy5wbGFjZXMudjEuUGxhY2VzLlNlYXJjaE5lYXJieRACGAQgAA,coffee_shop;cafe;food_store;store;food;point_of_interest;establishment,coffee_shop,Chroy Changvar
ChIJHdCzdgBTCTERKW_mA-7VQ4g,Mekhala Coffee & Eatery,coffee,coffee_shop,Coffee Shop,coffee,coffee,11.5921498,104.9267246,"OCIC, SH01 st, Phnom Penh 12110, Cambodia",4.7,35,,OPERATIONAL,,https://maps.google.com/?cid=9818926830842179369&g_mp=Cilnb29nbGUubWFwcy5wbGFjZXMudjEuUGxhY2VzLlNlYXJjaE5lYXJieRACGAQgAA,coffee_shop;salad_shop;cafe;sandwich_shop;food_store;store;restaurant;food;point_of_interest;establishment,coffee_shop,Chroy Changvar
ChIJ485yO4lTCTERkKHGSGIMQ48,THE 2M ( Food&Drink),coffee,coffee_shop,Coffee Shop,coffee,coffee,11.5978069,104.9280874,"HWXH+46, Phnom Penh, Cambodia",5,1,,OPERATIONAL,,https://maps.google.com/?cid=10323108387130614160&g_mp=Cilnb29nbGUubWFwcy5wbGFjZXMudjEuUGxhY2VzLlNlYXJjaE5lYXJieRACGAQgAA,coffee_shop;cafe;food_store;store;food;point_of_interest;establishment,coffee_shop,Chroy Changvar
ChIJ-6T6CKhTCTERiSlxbIYHmL8,NomPao ( Chroy Changva ),coffee,,,coffee,coffee,11.5917096,104.92688,"Street OCIC, Phnom Penh, Cambodia",4.3,6,,OPERATIONAL,,https://maps.google.com/?cid=13805792931630623113&g_mp=Cilnb29nbGUubWFwcy5wbGFjZXMudjEuUGxhY2VzLlNlYXJjaE5lYXJieRACGAQgAA,coffee_shop;cafe;food_store;store;food;point_of_interest;establishment,coffee_shop,Chroy Changvar
ChIJXVSOn4tTCTER9J6Upp17Guc,BUBB NORTON (ទល់មុខសកលវិទ្យាល័យន័រតុន),coffee,coffee_shop,Coffee Shop,coffee,coffee,11.589103300000001,104.9294046,"Keo Chenda St, Phnom Penh, Cambodia",3.6,5,,OPERATIONAL,,https://maps.google.com/?cid=16652758489190670068&g_mp=Cilnb29nbGUubWFwcy5wbGFjZXMudjEuUGxhY2VzLlNlYXJjaE5lYXJieRACGAQgAA,coffee_shop;cafe;food_store;store;food;point_of_interest;establishment,coffee_shop,Chroy Changvar
ChIJ2zbu8EFTCTERXIMi0RZjxUM,Seven Stars Coffee,coffee,coffee_shop,Coffee Shop,coffee,coffee,11.5887253,104.92964599999999,"Street Keo chenda sangkat chroyjong va Phnom Penh, Phnom Penh 12110, Cambodia",4.5,25,,OPERATIONAL,,https://maps.google.com/?cid=4883418320602301276&g_mp=Cilnb29nbGUubWFwcy5wbGFjZXMudjEuUGxhY2VzLlNlYXJjaE5lYXJieRACGAQgAA,coffee_shop;cafe;food_store;store;food;point_of_interest;establishment,coffee_shop,Chroy Changvar
ChIJWW7PO7JTCTERPGXasPUKdv0,HYMA CAFE,coffee,coffee_shop,Coffee Shop,coffee,coffee,11.5885933,104.93664369999999,"30g Keo Chenda St, Phnom Penh, Cambodia",4.7,11,,OPERATIONAL,,https://maps.google.com/?cid=18263797389197993276&g_mp=Cilnb29nbGUubWFwcy5wbGFjZXMudjEuUGxhY2VzLlNlYXJjaE5lYXJieRACGAQgAA,coffee_shop;cafe;food_store;store;food;point_of_interest;establishment,coffee_shop,Chroy Changvar
ChIJ63vu6GBTCTER5v511l5Op3s,Reasey Coffee,coffee,coffee_shop,Coffee Shop,coffee,coffee,11.595606199999999,104.9278896,"បឹងទទឹងថ្ងៃ, Phnom Penh 121001, Cambodia",,,,OPERATIONAL,,https://maps.google.com/?cid=8910176557007765222&g_mp=Cilnb29nbGUubWFwcy5wbGFjZXMudjEuUGxhY2VzLlNlYXJjaE5lYXJieRACGAQgAA,coffee_shop;cafe;food_store;store;food;point_of_interest;establishment,coffee_shop,Chroy Changvar
ChIJ5_0Z7EpTCTERnB_Q89NlhZE,Café Kânya,coffee,coffee_shop,Coffee Shop,coffee,coffee,11.5925023,104.9332323,"40A st.579 Borey Sopheak Mungkol, Chroy Changvar Phnom Penh, Phnom Penh 12552, Cambodia",4.6,18,,CLOSED_TEMPORARILY,,https://maps.google.com/?cid=10485899268405075868&g_mp=Cilnb29nbGUubWFwcy5wbGFjZXMudjEuUGxhY2VzLlNlYXJjaE5lYXJieRACGAQgAA,coffee_shop;cafe;food_store;store;food;point_of_interest;establishment,coffee_shop,Chroy Changvar
ChIJndLg671TCTERejDhI8VRaoc,Gloria Jean’s Coffees OCIC,coffee,coffee_shop,Coffee Shop,coffee,coffee,11.596218,104.92539149999999,"HWWG+86C, Phnom Penh, Cambodia",3.9,14,,OPERATIONAL,,https://maps.google.com/?cid=9757701449803968634&g_mp=Cilnb29nbGUubWFwcy5wbGFjZXMudjEuUGxhY2VzLlNlYXJjaE5lYXJieRACGAQgAA,coffee_shop;cafe;food_store;store;food;point_of_interest;establishment,coffee_shop,Chroy Changvar
ChIJLaGlEABTCTERdU6W_rdpKxY,Slow Drip cafe and eatery,coffee,coffee_shop,Coffee Shop,coffee,coffee,11.5880604,104.9312461,"188g Keo Chenda St, Phnom Penh 120101, Cambodia",4,1,,OPERATIONAL,,https://maps.google.com/?cid=1597486731804167797&g_mp=Cilnb29nbGUubWFwcy5wbGFjZXMudjEuUGxhY2VzLlNlYXJjaE5lYXJieRACGAQgAA,coffee_shop;cafe;food_store;store;food;point_of_interest;establishment,coffee_shop,Chroy Changvar
ChIJEy8zXABTCTERljmo1F6WP3A,Mr. Dad Coffee Norton,coffee,coffee_shop,Coffee Shop,coffee,coffee,11.588645,104.93076800000001,"HWQJ+953, Phnom Penh, Cambodia",4.8,5,,OPERATIONAL,https://www.facebook.com/profile.php?id=61555926242668,https://maps.google.com/?cid=8088348789819586966&g_mp=Cilnb29nbGUubWFwcy5wbGFjZXMudjEuUGxhY2VzLlNlYXJjaE5lYXJieRACGAQgAA,coffee_shop;cafe;food_store;store;food;point_of_interest;establishment,coffee_shop,Chroy Changvar
ChIJ94fzJwBTCTERMhffbSbp8jg,Be Life Coffee,coffee,coffee_shop,Coffee Shop,coffee,coffee,11.596972899999999,104.93133069999999,"a888 NR6, Phnom Penh, Cambodia",5,1,,OPERATIONAL,,https://maps.google.com/?cid=4103598561749309234&g_mp=Cilnb29nbGUubWFwcy5wbGFjZXMudjEuUGxhY2VzLlNlYXJjaE5lYXJieRACGAQgAA,coffee_shop;cafe;food_store;store;food;point_of_interest;establishment,coffee_shop,Chroy Changvar
ChIJuyjJBQBTCTERpH3QuahVzV8,Haha Camping,coffee,pub,Pub,coffee,coffee,11.591188299999999,104.93753249999999,"HWRP+JXM, Phnom Penh, Cambodia",4.3,32,,OPERATIONAL,,https://maps.google.com/?cid=6903267986989153700&g_mp=Cilnb29nbGUubWFwcy5wbGFjZXMudjEuUGxhY2VzLlNlYXJjaE5lYXJieRACGAQgAA,pub;cafe;bar;food;point_of_interest;establishment,cafe,Chroy Changvar
ChIJs0NMI7dTCTER5koPhc8tkrw,Point café,coffee,cafe,Cafe,coffee,coffee,11.5875381,104.92715229999999,"HWQG+2V6, Tonle Sap St, Phnom Penh, Cambodia",3.9,19,,OPERATIONAL,,https://maps.google.com/?cid=13587973395044059878&g_mp=Cilnb29nbGUubWFwcy5wbGFjZXMudjEuUGxhY2VzLlNlYXJjaE5lYXJieRACGAQgAA,cafe;food;point_of_interest;establishment,cafe,Chroy Changvar
ChIJtfcsyg9TCTER_TEtDj_VRlM,Le Gray Café,coffee,cafe,Cafe,coffee,coffee,11.5879488,104.9320011,"111G, Keo Chanda street Khan Chrroy chongvar Phnom Penh, Phnom Penh 12110, Cambodia",4.6,43,,CLOSED_TEMPORARILY,https://www.facebook.com/LeGrayCafe/,https://maps.google.com/?cid=6000718020315263485&g_mp=Cilnb29nbGUubWFwcy5wbGFjZXMudjEuUGxhY2VzLlNlYXJjaE5lYXJieRACGAQgAA,cafe;food;point_of_interest;establishment,cafe,Chroy Changvar
ChIJNXVaX21TCTERGDp9JOUy9MM,Mekong Coffee_ Mekong Garden,coffee,cafe,Cafe,coffee,coffee,11.6100195,104.92913229999999,"AH11, Phnom Penh, Cambodia",4.8,88,,OPERATIONAL,,https://maps.google.com/?cid=14119966691454433816&g_mp=Cilnb29nbGUubWFwcy5wbGFjZXMudjEuUGxhY2VzLlNlYXJjaE5lYXJieRACGAQgAA,cafe;food;point_of_interest;establishment,cafe,Chroy Changvar
ChIJqbNl2VRRCTERtGnG6OyddYo,Brew Coffee Chroy Changvar,coffee,cafe,Cafe,coffee,coffee,11.583643600000002,104.937912,"HWMQ+F53, Mekong River Street, Phnom Penh 12210, Cambodia",4.2,24,,OPERATIONAL,,https://maps.google.com/?cid=9977054190352361908&g_mp=Cilnb29nbGUubWFwcy5wbGFjZXMudjEuUGxhY2VzLlNlYXJjaE5lYXJieRACGAQgAA,cafe;food;point_of_interest;establishment,cafe,Chroy Changvar
ChIJ9UdrukJRCTERiWV3naSBxZ0,Luna Prime - Norodom,coffee,restaurant,Restaurant,coffee,coffee,11.5475798,104.92810569999999,"197, Preah Norodom Blvd, Corner St 380, Phnom Penh 12302, Cambodia",4.3,114,,CLOSED_TEMPORARILY,https://bit.ly/3NIlFJn,https://maps.google.com/?cid=11368635378383152521&g_mp=Cilnb29nbGUubWFwcy5wbGFjZXMudjEuUGxhY2VzLlNlYXJjaE5lYXJieRACGAQgAA,restaurant;coffee_shop;cafe;food_store;food;point_of_interest;store;establishment,coffee_shop,Diamond Island / south
ChIJ99t_bidRCTERcdeGfAmSHQQ,Starbucks | Bokor,coffee,coffee_shop,Coffee Shop,coffee,coffee,11.5442982,104.9229838,"Street 71 Sankgat Boeng Kang Korng I, GWVF+P3C, Mao Tse Tung Blvd, Phnom Penh, Cambodia",4.4,675,PRICE_LEVEL_MODERATE,OPERATIONAL,http://www.starbucks.com.kh/,https://maps.google.com/?cid=296553719917893489&g_mp=Cilnb29nbGUubWFwcy5wbGFjZXMudjEuUGxhY2VzLlNlYXJjaE5lYXJieRACGAQgAA,coffee_shop;cafe;food_store;food;point_of_interest;store;establishment,coffee_shop,Diamond Island / south
ChIJGbTj449RCTERehYmoxiyNLc,Starbucks | Chip Mong Noro Lane,coffee,coffee_shop,Coffee Shop,coffee,coffee,11.5484207,104.9282173,"#199 Preah Norodom Blvd (41), Phnom Penh, Cambodia",4.2,182,PRICE_LEVEL_MODERATE,OPERATIONAL,https://www.starbucks.com.kh/,https://maps.google.com/?cid=13201372226615907962&g_mp=Cilnb29nbGUubWFwcy5wbGFjZXMudjEuUGxhY2VzLlNlYXJjaE5lYXJieRACGAQgAA,coffee_shop;cafe;food_store;food;point_of_interest;store;establishment,coffee_shop,Diamond Island / south
ChIJg7b7cJ9RCTERyqcNmYJZhL4,NOIR COFFEE BKK-ណ,coffee,coffee_shop,Coffee Shop,coffee,coffee,11.546056,104.9246608,"Phnom, Preah Trasak Paem St. (63), Penh 12302, Cambodia",4.2,121,,OPERATIONAL,https://www.facebook.com/noircoffeebkk1/,https://maps.google.com/?cid=13728195981580543946&g_mp=Cilnb29nbGUubWFwcy5wbGFjZXMudjEuUGxhY2VzLlNlYXJjaE5lYXJieRACGAQgAA,coffee_shop;cafe;food_store;food;point_of_interest;store;establishment,coffee_shop,Diamond Island / south
ChIJIwAYHQdRCTERwDfdhYycoxk,"WAT CHOCOLATE Store & Cafe BKK1, Phnom Penh",coffee,food,Food,coffee,coffee,11.548871199999999,104.9259953,"64, street 360, BKK1 PHNOM-PENH, Phnom Penh 12302, Cambodia",4.6,163,,OPERATIONAL,http://www.watchocolate.com/,https://maps.google.com/?cid=1847492399507257280&g_mp=Cilnb29nbGUubWFwcy5wbGFjZXMudjEuUGxhY2VzLlNlYXJjaE5lYXJieRACGAQgAA,coffee_shop;tourist_attraction;chocolate_shop;candy_store;cafe;dessert_shop;confectionery;food_store;food;point_of_interest;store;establishment,coffee_shop,Diamond Island / south
ChIJY0N8gbJRCTERX2lMshcwavY,Resume coffee,coffee,coffee_shop,Coffee Shop,coffee,coffee,11.5477113,104.927275,"Rue Pasteur No. 51, Phnom Penh, Cambodia",4.5,39,,OPERATIONAL,,https://maps.google.com/?cid=17756057359195335007&g_mp=Cilnb29nbGUubWFwcy5wbGFjZXMudjEuUGxhY2VzLlNlYXJjaE5lYXJieRACGAQgAA,coffee_shop;cafe;food_store;food;point_of_interest;store;establishment,coffee_shop,Diamond Island / south
ChIJU5NVbLVRCTERxzfKGosoYws,BREW Coffee and Lounge,coffee,restaurant,Restaurant,coffee,coffee,11.548162999999999,104.92789499999999,"2A Street 370, Phnom Penh 120102, Cambodia",4.5,22,,OPERATIONAL,https://www.facebook.com/profile.php?id=61557619239874&mibextid=LQQJ4d,https://maps.google.com/?cid=820544135026587591&g_mp=Cilnb29nbGUubWFwcy5wbGFjZXMudjEuUGxhY2VzLlNlYXJjaE5lYXJieRACGAQgAA,restaurant;coffee_shop;cafe;food_store;food;point_of_interest;store;establishment,coffee_shop,Diamond Island / south
ChIJhe8jSC9RCTERo2en8666ZHI,KOI Thé Preah Norodom,coffee,tea_house,Tea House,coffee,coffee,11.5490772,104.92855139999999,"Sangkat Tonle Bassac , Khan Chamkarmon 158 Preah Norodom Blvd, 158 Street 41, Phnom Penh 12301, Cambodia",4.2,318,PRICE_LEVEL_MODERATE,OPERATIONAL,http://koithe.com/,https://maps.google.com/?cid=8242918478569760675&g_mp=Cilnb29nbGUubWFwcy5wbGFjZXMudjEuUGxhY2VzLlNlYXJjaE5lYXJieRACGAQgAA,tea_house;cafe;food;point_of_interest;establishment,cafe,Diamond Island / south
ChIJ34ksQi9RCTERvVueetFgI-8,Café Amazon,coffee,cafe,Cafe,coffee,coffee,11.549742300000002,104.9283049,"352 Corner stree, ភ្នំពេញ 12000, Cambodia",4.1,235,,OPERATIONAL,https://www.facebook.com/CafeAmazonCambodia/,https://maps.google.com/?cid=17231723052071279549&g_mp=Cilnb29nbGUubWFwcy5wbGFjZXMudjEuUGxhY2VzLlNlYXJjaE5lYXJieRACGAQgAA,cafe;food_store;store;food;point_of_interest;establishment,cafe,Diamond Island / south
ChIJCYAsEQJRCTERapLOhB_v3yg,La Melodie - Vinyl Cafe & Listening Bar,coffee,cafe,Cafe,coffee,coffee,11.5427467,104.92508529999999,"261AB Preah Trasak Paem St. (63), Phnom Penh, Cambodia",4.9,47,,OPERATIONAL,,https://maps.google.com/?cid=2945335599974748778&g_mp=Cilnb29nbGUubWFwcy5wbGFjZXMudjEuUGxhY2VzLlNlYXJjaE5lYXJieRACGAQgAA,cafe;food;point_of_interest;establishment,cafe,Diamond Island / south
ChIJ3yAQbydRCTER3VuLX2eMHOY,BROWN Coffee | Bokor,coffee,cafe,Cafe,coffee,coffee,11.543999399999999,104.92351509999999,"Street Mao Tse Tung, Phnom Penh, Cambodia",4.3,609,PRICE_LEVEL_MODERATE,OPERATIONAL,https://www.browncoffee.com.kh/,https://maps.google.com/?cid=16581282303683812317&g_mp=Cilnb29nbGUubWFwcy5wbGFjZXMudjEuUGxhY2VzLlNlYXJjaE5lYXJieRACGAQgAA,cafe;food;point_of_interest;establishment,cafe,Diamond Island / south
ChIJc5PHcQBRCTER3DQFuy5VB14,នឹក Coffee & BBQ,coffee,coffee_shop,Coffee Shop,coffee,coffee,11.543677500000001,104.88253619999999,"GVVM+F2F, Phnom Penh, Cambodia",4.3,54,,OPERATIONAL,,https://maps.google.com/?cid=6775477823596737756&g_mp=Cilnb29nbGUubWFwcy5wbGFjZXMudjEuUGxhY2VzLlNlYXJjaE5lYXJieRACGAQgAA,coffee_shop;cafe;food_store;food;point_of_interest;store;establishment,coffee_shop,Stueng Mean Chey
ChIJachtC_pRCTERbfHG3nYTROU,បុរី សូនី,coffee,coffee_shop,Coffee Shop,coffee,coffee,11.5281808,104.87995989999999,"GVJJ+W44, 553 Street. 45sony, Phnom Penh, Cambodia",4.7,41,,OPERATIONAL,,https://maps.google.com/?cid=16520350734366470509&g_mp=Cilnb29nbGUubWFwcy5wbGFjZXMudjEuUGxhY2VzLlNlYXJjaE5lYXJieRACGAQgAA,coffee_shop;cafe;food_store;food;point_of_interest;store;establishment,coffee_shop,Stueng Mean Chey
ChIJCbLou61RCTERddOlv5YDSb4,TaPrum Café (តាព្រហ្ម កាហ្វេ),coffee,coffee_shop,Coffee Shop,coffee,coffee,11.5416975,104.89826719999999,"11 5417222, 104, 8982778, Cambodia",4.8,18,,OPERATIONAL,https://www.facebook.com/TaPrumCafe?mibextid=LQQJ4d,https://maps.google.com/?cid=13711494486501479285&g_mp=Cilnb29nbGUubWFwcy5wbGFjZXMudjEuUGxhY2VzLlNlYXJjaE5lYXJieRACGAQgAA,coffee_shop;cafe;food_store;food;point_of_interest;store;establishment,coffee_shop,Stueng Mean Chey
ChIJnQ_jeQBRCTER8HViB3Zk-ig,Starbucks | Steung Mean Chey,coffee,coffee_shop,Coffee Shop,coffee,coffee,11.5349404,104.8851365,"GVMP+X3C, Phnom Penh, Cambodia",4.2,25,,OPERATIONAL,,https://maps.google.com/?cid=2952782963787593200&g_mp=Cilnb29nbGUubWFwcy5wbGFjZXMudjEuUGxhY2VzLlNlYXJjaE5lYXJieRACGAQgAA,coffee_shop;cafe;food_store;food;point_of_interest;store;establishment,coffee_shop,Stueng Mean Chey
ChIJobA6w8VRCTERk4rKaF4ZY_Y,LOFFY Coffee,coffee,coffee_shop,Coffee Shop,coffee,coffee,11.5494683,104.88646419999999,"Street 14C, Phnom Penh 120000, Cambodia",4.9,14,,OPERATIONAL,https://www.facebook.com/loffycoffee?mibextid=LQQJ4d,https://maps.google.com/?cid=17754062049300351635&g_mp=Cilnb29nbGUubWFwcy5wbGFjZXMudjEuUGxhY2VzLlNlYXJjaE5lYXJieRACGAQgAA,coffee_shop;cafe;food_store;food;point_of_interest;store;establishment,coffee_shop,Stueng Mean Chey
ChIJadQCZ-VRCTERji_pq_fI0h4,COFFEE CORNER SOVANNA,coffee,coffee_shop,Coffee Shop,coffee,coffee,11.5453799,104.90059509999999,"St Diamond, Phnom Penh, Cambodia",4.9,11,,OPERATIONAL,,https://maps.google.com/?cid=2221058532313739150&g_mp=Cilnb29nbGUubWFwcy5wbGFjZXMudjEuUGxhY2VzLlNlYXJjaE5lYXJieRACGAQgAA,coffee_shop;cafe;food_store;food;point_of_interest;store;establishment,coffee_shop,Stueng Mean Chey
ChIJz_gcZQBRCTERkiDK9gVhY2w,Coffee Corner ចំការដូង,coffee,coffee_shop,Coffee Shop,coffee,coffee,11.5095654,104.8905355,"324 Chamkar Doung Street (217), Phnom Penh, Cambodia",4.7,13,,OPERATIONAL,,https://maps.google.com/?cid=7810192857033744530&g_mp=Cilnb29nbGUubWFwcy5wbGFjZXMudjEuUGxhY2VzLlNlYXJjaE5lYXJieRACGAQgAA,coffee_shop;cafe;food_store;food;point_of_interest;store;establishment,coffee_shop,Stueng Mean Chey
ChIJew-8LgBRCTERskIl4PUx2Q4,ស្លាស កាហ្វេ Slash Coffee,coffee,coffee_shop,Coffee Shop,coffee,coffee,11.5131181,104.8782188,"Phnom Penh, Cambodia",4.6,16,,OPERATIONAL,https://www.facebook.com/coffee.slash,https://maps.google.com/?cid=1069941318574490290&g_mp=Cilnb29nbGUubWFwcy5wbGFjZXMudjEuUGxhY2VzLlNlYXJjaE5lYXJieRACGAQgAA,coffee_shop;cafe;food_store;food;point_of_interest;store;establishment,coffee_shop,Stueng Mean Chey
ChIJoTbNIgBRCTERREiAok4ik-U,16.10 Coffee,coffee,coffee_shop,Coffee Shop,coffee,coffee,11.548654899999999,104.8852663,"99 Sola Street (371), Phnom Penh 120805, Cambodia",4.2,18,,OPERATIONAL,,https://maps.google.com/?cid=16542603577391073348&g_mp=Cilnb29nbGUubWFwcy5wbGFjZXMudjEuUGxhY2VzLlNlYXJjaE5lYXJieRACGAQgAA,coffee_shop;cafe;food_store;food;point_of_interest;store;establishment,coffee_shop,Stueng Mean Chey
ChIJJZWZMI1RCTERPMOeR1XXlto,The Shape Coffee Steung Meanchey,coffee,coffee_shop,Coffee Shop,coffee,coffee,11.534575199999999,104.8848474,"21 E0 Veng Sreng Blvd, Phnom Penh, Cambodia",4.3,15,,OPERATIONAL,,https://maps.google.com/?cid=15751013508048667452&g_mp=Cilnb29nbGUubWFwcy5wbGFjZXMudjEuUGxhY2VzLlNlYXJjaE5lYXJieRACGAQgAA,coffee_shop;cafe;food_store;food;point_of_interest;store;establishment,coffee_shop,Stueng Mean Chey
ChIJLcac_uxRCTERqN7KUc47ZUA,Boy Coffee,coffee,coffee_shop,Coffee Shop,coffee,coffee,11.5177835,104.8852871,"217, Dangkao 12501, Cambodia",5,1,,OPERATIONAL,https://www.facebook.com/profile.php?id=100083223406014&mibextid=LQQJ4d,https://maps.google.com/?cid=4640180748396715688&g_mp=Cilnb29nbGUubWFwcy5wbGFjZXMudjEuUGxhY2VzLlNlYXJjaE5lYXJieRACGAQgAA,coffee_shop;cafe;food_store;food;point_of_interest;store;establishment,coffee_shop,Stueng Mean Chey
ChIJAW79l0pRCTERXxI33rxfPSo,Starbucks | Total Chamkar Doung,coffee,coffee_shop,Coffee Shop,coffee,coffee,11.5143568,104.89023789999999,"217, Phnom Penh 120501, Cambodia",4.3,22,,OPERATIONAL,https://starbucks.com.kh/,https://maps.google.com/?cid=3043694187958964831&g_mp=Cilnb29nbGUubWFwcy5wbGFjZXMudjEuUGxhY2VzLlNlYXJjaE5lYXJieRACGAQgAA,coffee_shop;cafe;food_store;food;point_of_interest;store;establishment,coffee_shop,Stueng Mean Chey
ChIJ0wbXHQBRCTERS3tO-1eWSNA,SipMie Coffee,coffee,coffee_shop,Coffee Shop,coffee,coffee,11.5109692,104.8836053,"Borey Piphup Thmey, Chamkardoung, st13, 149, Phnom Penh, Cambodia",4.3,8,,OPERATIONAL,,https://maps.google.com/?cid=15008411062834723659&g_mp=Cilnb29nbGUubWFwcy5wbGFjZXMudjEuUGxhY2VzLlNlYXJjaE5lYXJieRACGAQgAA,coffee_shop;cafe;food_store;food;point_of_interest;store;establishment,coffee_shop,Stueng Mean Chey
ChIJQ_mlEgBRCTERaD5Rsudp8Uw,PARROT Coffee Vintage,coffee,coffee_shop,Coffee Shop,coffee,coffee,11.5117846,104.8759852,"Borey Piphop Thmey, Chamkar Doung Street (217, Phnom Penh, Cambodia",4.7,11,,OPERATIONAL,,https://maps.google.com/?cid=5544329060119821928&g_mp=Cilnb29nbGUubWFwcy5wbGFjZXMudjEuUGxhY2VzLlNlYXJjaE5lYXJieRACGAQgAA,coffee_shop;cafe;food_store;food;point_of_interest;store;establishment,coffee_shop,Stueng Mean Chey
ChIJ721kJ0JRCTERn6PHqUJWopk,TUBE COFFEE Steung Mean Chey,coffee,cafe,Cafe,coffee,coffee,11.5416557,104.8921666,"#10 Samdech Monireth Blvd (217), Phnom Penh, Cambodia",4.3,70,,OPERATIONAL,,https://maps.google.com/?cid=11070505678346363807&g_mp=Cilnb29nbGUubWFwcy5wbGFjZXMudjEuUGxhY2VzLlNlYXJjaE5lYXJieRACGAQgAA,cafe;food;point_of_interest;establishment,cafe,Stueng Mean Chey
ChIJa5lf-npQCTERtYcX12mC2TA,Cafe Tharith,coffee,cafe,Cafe,coffee,coffee,11.5099628,104.88292129999999,"#107 St 17, Phnom Penh 12401, Cambodia",,,,OPERATIONAL,,https://maps.google.com/?cid=3519987974858573749&g_mp=Cilnb29nbGUubWFwcy5wbGFjZXMudjEuUGxhY2VzLlNlYXJjaE5lYXJieRACGAQgAA,cafe;liquor_store;store;finance;service;food;point_of_interest;establishment,cafe,Stueng Mean Chey
ChIJ29JhtHFQCTER9y0Ovs5UkyQ,F Cafe - Chamkar Doung,coffee,cafe,Cafe,coffee,coffee,11.5107673,104.877371,"#132A, St. 09, Borey Piphup Thmey, វិថី ចំការដូង (២១៧), Phnom Penh, Cambodia",4.4,213,PRICE_LEVEL_MODERATE,OPERATIONAL,,https://maps.google.com/?cid=2635543453870468599&g_mp=Cilnb29nbGUubWFwcy5wbGFjZXMudjEuUGxhY2VzLlNlYXJjaE5lYXJieRACGAQgAA,cafe;food;point_of_interest;establishment,cafe,Stueng Mean Chey
ChIJ3xI6PEhRCTERF0DrBoRsq0I,One2One Mart & Cafe,coffee,cafe,Cafe,coffee,coffee,11.539711299999999,104.9061416,"28A, Street 3BT, Phnom Penh, Cambodia",4.9,27,,OPERATIONAL,https://www.facebook.com/share/1ACR1WWYwz/?mibextid=wwXlfr,https://maps.google.com/?cid=4804052741828329495&g_mp=Cilnb29nbGUubWFwcy5wbGFjZXMudjEuUGxhY2VzLlNlYXJjaE5lYXJieRACGAQgAA,cafe;food;point_of_interest;establishment,cafe,Stueng Mean Chey
ChIJTS5au_9QCTERZHnDZlkCBNc,Café Amazon PTT Steung Meanchey,coffee,cafe,Cafe,coffee,coffee,11.5428035,104.89363709999999,"12352 វិថី ចំការដូង (២១៧, ភ្នំពេញ, Cambodia",4.2,137,,OPERATIONAL,,https://maps.google.com/?cid=15493511201060780388&g_mp=Cilnb29nbGUubWFwcy5wbGFjZXMudjEuUGxhY2VzLlNlYXJjaE5lYXJieRACGAQgAA,cafe;food;point_of_interest;establishment,cafe,Stueng Mean Chey
ChIJhVlNIldRCTERp7DuYEFJrCY,TUBE COFFEE 310,coffee,coffee_shop,Coffee Shop,coffee,coffee,11.5506598,104.9149728,"465 St 310, Phnom Penh, Cambodia",4.1,144,,OPERATIONAL,,https://maps.google.com/?cid=2786682814583451815&g_mp=Cilnb29nbGUubWFwcy5wbGFjZXMudjEuUGxhY2VzLlNlYXJjaE5lYXJieRACGAQgAA,coffee_shop;cafe;food_store;store;food;point_of_interest;establishment,coffee_shop,Boeung Keng Kang
ChIJcxklWwBPCTERMK_muZrO8Ao,P.23 CAFE,coffee,coffee_shop,Coffee Shop,coffee,coffee,11.561572799999999,104.8427207,"HR6V+J3H, Phnom Penh, Cambodia",4.1,10,,OPERATIONAL,,https://maps.google.com/?cid=788357098729025328&g_mp=Cilnb29nbGUubWFwcy5wbGFjZXMudjEuUGxhY2VzLlNlYXJjaE5lYXJieRACGAQgAA,coffee_shop;cafe;food_store;store;food;point_of_interest;establishment,coffee_shop,Phnom Penh airport
ChIJSfxd4mtRCTERIaWaRWEirhc,Wood Café,coffee,coffee_shop,Coffee Shop,coffee,coffee,11.5382609,104.8586922,"Veng Sreng Blvd, Trapeang Thloeng, Village,​, Phnom Penh, Cambodia",4.5,26,,OPERATIONAL,,https://maps.google.com/?cid=1706339109994931489&g_mp=Cilnb29nbGUubWFwcy5wbGFjZXMudjEuUGxhY2VzLlNlYXJjaE5lYXJieRACGAQgAA,coffee_shop;cafe;food_store;store;food;point_of_interest;establishment,coffee_shop,Phnom Penh airport
ChIJiXUxVABRCTERq-GN8zA91xQ,The shape coffee chhuk meas,coffee,coffee_shop,Coffee Shop,coffee,coffee,11.5702673,104.8535904,"HVC3+4C4 Borey varyna, st 2012, Phnom Penh, Cambodia",5,2,,OPERATIONAL,,https://maps.google.com/?cid=1501736281205236139&g_mp=Cilnb29nbGUubWFwcy5wbGFjZXMudjEuUGxhY2VzLlNlYXJjaE5lYXJieRACGAQgAA,coffee_shop;cafe;food_store;store;food;point_of_interest;establishment,coffee_shop,Phnom Penh airport
ChIJ27iRXgBRCTERrqy6pqWvXzQ,Lintin កាហ្វេដូង សាខាផ្សារឈូកមាស,coffee,coffee_shop,Coffee Shop,coffee,coffee,11.568777899999999,104.8534969,"136a Street 2011, Phnom Penh, Cambodia",5,2,,OPERATIONAL,,https://maps.google.com/?cid=3773928138761481390&g_mp=Cilnb29nbGUubWFwcy5wbGFjZXMudjEuUGxhY2VzLlNlYXJjaE5lYXJieRACGAQgAA,coffee_shop;cafe;food_store;store;food;point_of_interest;establishment,coffee_shop,Phnom Penh airport
ChIJtc9Z1dhRCTERx41Sxe1gkgA,Somnong De Café,coffee,coffee_shop,Coffee Shop,coffee,coffee,11.542637,104.8678759,"Duong Ngeap Street II, Phnom Penh 12101, Cambodia",4.5,26,,OPERATIONAL,,https://maps.google.com/?cid=41201920933793223&g_mp=Cilnb29nbGUubWFwcy5wbGFjZXMudjEuUGxhY2VzLlNlYXJjaE5lYXJieRACGAQgAA,coffee_shop;cafe;food_store;store;food;point_of_interest;establishment,coffee_shop,Phnom Penh airport
ChIJJZMQ1xZRCTERJ8ueHElC-TA,U Coffee,coffee,coffee_shop,Coffee Shop,coffee,coffee,11.5626894,104.854268,"257 ផ្លូវ ២០០៧, Phnom Penh, Cambodia",4.6,5,,OPERATIONAL,,https://maps.google.com/?cid=3528924664801708839&g_mp=Cilnb29nbGUubWFwcy5wbGFjZXMudjEuUGxhY2VzLlNlYXJjaE5lYXJieRACGAQgAA,coffee_shop;cafe;food_store;store;food;point_of_interest;establishment,coffee_shop,Phnom Penh airport
ChIJ1ZtdGABRCTERdT1vLPVZ1iw,Madam Café Pochentong,coffee,coffee_shop,Coffee Shop,coffee,coffee,11.5610919,104.84937149999999,"HR6X+CR, Phnom Penh, Cambodia",4.7,11,,OPERATIONAL,,https://maps.google.com/?cid=3230868692232256885&g_mp=Cilnb29nbGUubWFwcy5wbGFjZXMudjEuUGxhY2VzLlNlYXJjaE5lYXJieRACGAQgAA,coffee_shop;cafe;food_store;store;food;point_of_interest;establishment,coffee_shop,Phnom Penh airport
ChIJr7uhLABPCTERgBmfwk1z92c,Layover Cafe,coffee,coffee_shop,Coffee Shop,coffee,coffee,11.568252099999999,104.84311869999999,"HR9V+76H, Phnom Penh, Cambodia",4.7,9,,OPERATIONAL,,https://maps.google.com/?cid=7491583282968992128&g_mp=Cilnb29nbGUubWFwcy5wbGFjZXMudjEuUGxhY2VzLlNlYXJjaE5lYXJieRACGAQgAA,coffee_shop;cafe;food_store;store;food;point_of_interest;establishment,coffee_shop,Phnom Penh airport
ChIJxytEAgxRCTERE9BG0ZPzTn8,Plan B Coffee,coffee,coffee_shop,Coffee Shop,coffee,coffee,11.5601504,104.8496188,"Concrete Road, Phnom Penh 12120, Cambodia",4.3,6,,OPERATIONAL,,https://maps.google.com/?cid=9173537307197100051&g_mp=Cilnb29nbGUubWFwcy5wbGFjZXMudjEuUGxhY2VzLlNlYXJjaE5lYXJieRACGAQgAA,coffee_shop;cafe;food_store;store;food;point_of_interest;establishment,coffee_shop,Phnom Penh airport
ChIJLfQX4UBRCTERdims70XK39M,59 Coffee,coffee,coffee_shop,Coffee Shop,coffee,coffee,11.5616109,104.85041439999999,"Street 68k, Phnom Penh 12101, Cambodia",5,5,,OPERATIONAL,,https://maps.google.com/?cid=15267143663531862390&g_mp=Cilnb29nbGUubWFwcy5wbGFjZXMudjEuUGxhY2VzLlNlYXJjaE5lYXJieRACGAQgAA,coffee_shop;cafe;food_store;store;food;point_of_interest;establishment,coffee_shop,Phnom Penh airport
ChIJbcpgeftRCTERE8qlTVi-2_k,កាហ្វេ​ សុវណ្ណភូមិ,coffee,cafe,Cafe,coffee,coffee,11.538048499999999,104.85267479999999,"GVQ3+637, Unnamed Road, Phnom Penh, Cambodia",4,21,,OPERATIONAL,,https://maps.google.com/?cid=18004193221812800019&g_mp=Cilnb29nbGUubWFwcy5wbGFjZXMudjEuUGxhY2VzLlNlYXJjaE5lYXJieRACGAQgAA,cafe;food;point_of_interest;establishment,cafe,Phnom Penh airport
ChIJNwfxaClPCTERytlpK9JAW6k,PPC​ Station | Taing Kosang,coffee,gas_station,Gas Station,coffee,coffee,11.5631949,104.8418706,"Street 105K, Phnom Penh, Cambodia",4.1,62,,CLOSED_TEMPORARILY,,https://maps.google.com/?cid=12203418886706158026&g_mp=Cilnb29nbGUubWFwcy5wbGFjZXMudjEuUGxhY2VzLlNlYXJjaE5lYXJieRACGAQgAA,gas_station;cafe;service;food;point_of_interest;establishment,cafe,Phnom Penh airport
ChIJY2h0bztPCTERvPtFW7SAlWM,ផ្ទះទឹកកកព្រិល​៨៨​ Snow,coffee,cafe,Cafe,coffee,coffee,11.5449418,104.83519960000001,"Phum Prey Tea Sakat Chorm Chao Khan Posenchey, GRVP+X3G, Phnom Penh, Cambodia",5,3,,OPERATIONAL,,https://maps.google.com/?cid=7175783093398535100&g_mp=Cilnb29nbGUubWFwcy5wbGFjZXMudjEuUGxhY2VzLlNlYXJjaE5lYXJieRACGAQgAA,cafe;food;point_of_interest;establishment,cafe,Phnom Penh airport
